Customer Name,Customer Code,Phone No
ABHAYRAJ,59,
ABHIJIT PANDEY,15,
AKASH,29,
ALIBHAI,53,
ALIM BHAI,152,
ANURAG,48,
ANURAG PERSONAL,156,
ARJUN,40,
ASHOK,39,
AVINASH PERSONAL,165,
AWDHESH RAY,31,
BAHADUR BHAI,60,
BASANT,64,
BHIM SIDHARTH,56,
BIKASH (SABJI),42,
BILAITI,16,
BITTU,68,
CASH,20,
CHANCHAL,159,
DHARMENDRA,147,
DHRUP,1,
DILIP,145,
DINESH CHANDRA,12,
DINESH SIDDHARTH,38,
GOPAL,32,
GUDDU MAHTO,19,
GUDDU RAM,155,
JANAK,57,
JITENDRA,150,
KAMLESH PAPPU,24,
KAMLESH SAH,2,
KARINA SAH,44,
LALIT,4,
MADAN YADAV,34,
MADAN YADAV PERSONAL,154,
MAHENDER BHAI,6,
MANOJ PRASAD,153,
MANTU S MAHATO,66,
MERAJ,3,7857965637
MOHIT,54,
MUKESH SAH,25,
MUKESH SHARMA,9,
MULAYAM,43,
NAGENDRA,52,
NIRANJAN,144,
NIRANJAN SAH,46,
OMPRAKASH,151,
PANKAJ MANOJ,21,
PANKAJ SIDDHARTH,61,
PAPPU YADAV,35,
PARAS,47,
PINTU,160,
PRABHU,27,
RADHE SHYAM,30,
RAJANI,58,
RAJESH MANJHI,28,
RAJKUMAR BILAITI,136,
RAJU,49,
RAMDHARI,33,
RAMESH PANDIT,55,
RAMESH PANDIT PERSONAL,164,
RAMESH YADAV,51,
RAMNATH,10,
RAMSEVAK,37,
RANJIT ANIL,7,
RANJIT ANIL PERSONAL,161,
RANJIT DEV,163,
ROHIT DEV,62,
ROHIT DEV PERSONAL,157,
ROHIT KALU,22,
SARVAN SUNIL,13,
SANOJ,5,
SANTOSH,17,
SANTOSH PASWAN,65,
SANTOSH YADAV,67,
SATENDER,26,
SERAJUL,45,
SHAKTI,11,
SUDHARSHAN,14,
SUJIT KUMAR,69,
SUKHENDRA,18,
SUNIL MAHATO,149,
SUNIL RAM,148,
SUNIL WIREMAN,146,
SURESH MAHATO,8,
SURESH RAMESH,23,
VIJAY,50,
VINAY KUMAR,41,
VINOD MASTER,36,
PRAKASH,70,
SANDIP MAJHI,71,
VICKY,72,
MITESH,73,
MURHA JI,74,8511223483
DILIP ANIL,75,
EKLAL,76,
BINDRA,77,
,,
Arun Kushvaha,78,9619690116
Raju Kushvaha,79,9619690117
Arun Kushvaha,166,9619690116
