SlNo,ItemName,UOM,UnitPriceRTL
1,-,-,-
2,AALOO,KG,20
3,AATTA PLASTIC 10KG,PACKET,275
4,AATTA PLASTIC 5KG,PACKET,140
5,ACID,BOTTLE,18
6,AGARBATTI,PACKET,70
7,BESAN,KG,20
8,BESAN 250GM,GRAM,25
9,BISCUITS,PACKET,5
10,CAKE,NOS,5
11,CHEWING GUM,NOS,1
12,CHHOLE CHANA,KG,100
13,CHILLI POWDER 100GM,KG,35
14,CHILLI POWDER 200GM,KG,65
15,CHILLI POWDER 50GM,KG,18
16,CHOCOLATE,NOS,1
17,CIGGARATE,NOS,10
18,COFFEE,PACKET,50
19,DABUR PASTE,NOS,55
20,DABUR PASTE 100GM,NOS,50
21,DAL CHANA,KG,85
22,DAL MOONG 1KG,KG,100
23,DAL MOONG 500GM,KG,55
24,DAL TOOR 1KG,KG,105
25,DAL TOOR 500GM,GM,55
26,DAL URAD 1KG,KG,120
27,DAL URAD 500GM,KG,60
28,DHANIYA POWDER 100GM,KG,35
29,DHANIYA POWDER 200GM,KG,65
30,DHANIYA POWDER 50GM,KG,18
31,DOVE SHAMPOO,PACKET,2
32,DOVE SHAMPOO,PACKET,5
33,EGG,NOS,7
34,GLORY SOAP,NOS,25
35,GOOD NIGHT,PACKET,1
36,GUD,KG,50
37,GUTKHA,NOS,5
38,HALDI 100GM,KG,35
39,HALDI 200GM,KG,68
40,HALDI 50GM,KG,18
41,ILAICHI,PACKET,6
42,JASMIN OIL,BOTTLE,85
43,LAAL MIRCH,KG,250
44,LAAL MIRCH 100GM,GRAM,25
45,LACHIDANA,GRAM,0.12
46,LAHSUN 250GM,GRAM,35
47,LIGHTER,NOS,55
48,LOLLIPOP,NOS,5
49,MAACHIS,BOX,1
50,MAACHIS,PACKET,10
51,MASALA BADSHAH GARAM 50 GM,KG,43
52,MASALA EVEREST CHICKEN 50 GM,KG,39
53,MASALA EVEREST CHICKEN 8 GM,KG,5
54,MASALA EVEREST GARAM 50 GM,KG,42
55,MASALA JALARAM 100 GM,KG,45
56,MASALA KHADA,PACKET,10
57,MASALA LOTUS 100 GM,KG,63
58,MASALA RAJESH MEAT,KG,5
59,MOMBATTI,NOS,10
60,NAANKHATAI,NOS,5
61,NAMKEEN 100GM,GRAM,15
62,OIL AJAY SARSU 2 LTR,CAN,390
63,OIL AJAY SARSU 5 LTR,CAN,960
64,OIL AJAY SARSU 1 LTR,BOTTLE,210
65,OIL HAPPY MITHA 1 LTR,BOTTLE,135
66,OIL HAPPY MITHA 2 LTR,CAN,270
67,OIL HAPPY MITHA 5 LTR,CAN,660
68,OIL HAPPY MITHA 500 ML,BOTTLE,70
69,OIL HAPPY SARSO 1 LTR,BOTTLE,135
70,OIL HAPPY SARSO 2 LTR,CAN,27O
71,OIL HAPPY SARSO 500 ML,BOTTLE,70
72,OIL HAPPY SARSO 5LTR,CAN,660
73,OIL POUCH,NOS,1
74,OIL TEJ SARSU 1 LTR,BOTTLE,235
75,OIL TEJ SARSU 2 LTR,CAN,460
76,OIL TEJ SARSU 5 LTR,CAN,1050
77,OIL TEJ SARSU 500 ML,BOTTLE,130
78,ONION,KG,40
79,PANEER MASALA,PACKET,40
80,PARLE G,PACKET,5
81,PLASTIC JUG,NOS,70
82,RICE BASMATI,KG,36
83,RICE BASMATI DAWAT,KG,65
84,RICE KISAN COLUM,KG,40
85,RICE MASURI,KG,30
86,RICE SHIVLING,KG,36
87,RICE TIGER,KG,33
88,RICE TIGER 25 KG,PACKET,790
89,RIN SOAP,NOS,10
90,SHAMPOO,PACKET,1
91,SOAP WASHING,NOS,10
92,SOYABEAN,PACKET,10
93,SOYABEAN,PACKET,15
94,SOYABEAN SAMOR,PACKET,50
95,SURF WHEEL 500 GM,PACKET,25
96,TEL POUCH,PACKET,1
97,TOBACCO,PACKET,5
98,TUAR DAL,KG,105
99,VIM SOAP,NOS,10
100,VIMAL,NOS,5
101,WAFERS,PACKET,5
102,MAGGIE,PACKET,10
103,CHIKKI,NOS,5
104,SING BHUJIYA,KG,135
105,SUJI RAVA 500 GM,PACKET,25
106,POWDER PONDS,BOTTLE,10
107,CHOCOLATE COCONUT PACKET,PACKET,160
108,DETTOL,NOS,30
109,MAWA,NOS,10
110,CIGGARATE,NOS,5
111,CHHOLE CHANA 250 GM,GRAM,25
112,TEJPATTA,NOS,5
113,FAIR & LOVELY,NOS,56
114,SABUN,NOS,10
115,CIGGARATE,NOS,6
116,GUD 100 GM,GRAM,5
117,LAVANG PACKET,PACKET,6
118,MITHAI,NOS,5
119,PASTE 200GM,NOS,100
120,PASTE 100GM,NOS,56
121,JEERA 100GM,GRAM,26
122,JEERA 50GM,GRAM,13
123,MARICH 10GM,GRAM,10
124,PASTE 50GM,GRAM,20
125,SUGAR,KG,9999
