Customer Name,Customer Code,Date,Bill Total,Sl No,Item Description,Unit,Unit Price,Quantity,Price
MULAYAM,43,23-11-2021 13:12,240,1,TUAR DAL,KG,105,1,105
MULAYAM,43,23-11-2021 13:12,240,2,RAI TEL,LITRE,135,1,135
MUKESH SHARMA,9,23-11-2021 17:52,50,1,COFFEE,PACKET,50,1,50
ARJUN,40,23-11-2021 17:54,5,1,SHAMPOO,PACKET,1,5,5
MERAJ,3,23-11-2021 18:04,115,1,VIMAL,NOS,5,2,10
MERAJ,3,23-11-2021 18:04,115,2,CAKE,NOS,5,2,10
MERAJ,3,23-11-2021 18:04,115,3,PLASTIC JUG,NOS,70,1,70
MERAJ,3,23-11-2021 18:04,115,4,MATCH BOX,BOX,10,1,10
MERAJ,3,23-11-2021 18:04,115,5,CHOCOLATE,NOS,1,5,5
MERAJ,3,23-11-2021 18:04,115,6,VIM SOAP,NOS,10,1,10
RAJESH MANJHI,28,23-11-2021 18:26,40,1,AALOO,KG,20,2,40
ARJUN,43,23-11-2021 18:29,42,1,50: EGG (Rs. 7),NOS,7,6,42
AWDHESH RAY,31,23-11-2021 18:44,165,1,10: AATTA PLASTIC 5KG (Rs. 140)1,PACKET,140,1,140
AWDHESH RAY,31,23-11-2021 18:44,165,2,SURF WHELE 500,PACKET,25,1,25
SURESH MAHATO,8,23-11-2021 19:01,85,1,AALOO,KG,20,1,20
SURESH MAHATO,8,23-11-2021 19:01,85,2,ONION ,KG,40,1,40
SURESH MAHATO,8,23-11-2021 19:01,85,3,BESAN,KG,20,1,20
SURESH MAHATO,8,23-11-2021 19:01,85,4,56: CAKE (Rs. 5),NOS,5,1,5
ROHIT KALU,22,22-11-2021 20:58,18,1,ACID,BOTTLE,18,1,18
DINESH SIDDHARTH,38,23-11-2021 21:04,442.5,1,27: DAL TOOR 1 KG (Rs. 105),KG,105,1.5,157.5
DINESH SIDDHARTH,38,23-11-2021 21:04,442.5,2,22: OIL TEJ SARSU 1 LTR (Rs. 235),BOTTLE,235,1,235
DINESH SIDDHARTH,38,23-11-2021 21:04,442.5,3,DABUR PASTE 100 GM,NOS,50,1,50
AKASH,29,23-11-2021 21:11,355,1,10: AATTA PLASTIC 5KG (Rs. 140),PACKET,140,1,140
AKASH,29,23-11-2021 21:11,355,2,5: RICE SHIVLING (Rs. 36),KG,36,5,180
AKASH,29,23-11-2021 21:11,355,3,LOLLIPOP,NOS,5,4,20
AKASH,29,23-11-2021 21:11,355,4,2: WAFERS (Rs. 5),PACKET,5,2,10
AKASH,29,23-11-2021 21:11,355,5,OIL POUCH,NOS,1,5,5
ALIM BHAI,152,11-11-2021 21:11,890,1,ACHAR LOTUS MASALA WAFER,PACKET,890,1,890
CHANCHAL,159,24-11-2021 17:42,30,1,CIGGARATE,NOS,10,2,20
CHANCHAL,159,24-11-2021 17:42,30,2,55: VIMAL (Rs. 5),NOS,5,2,10
CHANCHAL,159,24-11-2021 17:42,30,1,CIGGARATE,NOS,10,2,20
CHANCHAL,159,24-11-2021 17:42,30,2,55: VIMAL (Rs. 5),NOS,5,2,10
DINESH CHANDRA,12,24-11-2021 17:44,195,1,7: RICE MASURI (Rs. 30),KG,30,2,60
DINESH CHANDRA,12,24-11-2021 17:44,195,2,27: DAL TOOR 1 KG (Rs. 105),KG,105,1,105
DINESH CHANDRA,12,24-11-2021 17:44,195,3,61: AALOO (Rs. 20),KG,20,1,20
DINESH CHANDRA,12,24-11-2021 17:44,195,4,60: VIM SOAP (Rs. 10),NOS,10,1,10
DHRUP,1,24-11-2021 18:21,935,1,11: AATTA PLASTIC 10KG (Rs. 275),PACKET,275,1,275
DHRUP,1,24-11-2021 18:21,935,2,12: OIL HAPPY SARSO 5LTR (Rs. 660),CAN,660,1,660
DHRUP,1,24-11-2021 18:23,20,1,SOYABEAN,PACKET,20,1,20
MERAJ,3,24-11-2021 18:26,155,1,47: MASALA EVEREST CHIKAN 8 GM (Rs. 5),KG,5,2,10
MERAJ,3,24-11-2021 18:26,155,2,61: AALOO (Rs. 20),KG,20,3,60
MERAJ,3,24-11-2021 18:26,155,3,BISCUITS,PACKET,5,2,10
MERAJ,3,24-11-2021 18:26,155,4,9: RICE BASMATI DAWAT (Rs. 65),KG,65,1,65
MERAJ,3,24-11-2021 18:26,155,5,2: WAFERS (Rs. 5),PACKET,5,2,10
PARAS,47,24-11-2021 18:55,60,1,SOYABEAN,NOS,20,1,20
PARAS,47,24-11-2021 18:55,60,2,SOYABEAN,NOS,10,4,40
ALIBHAI,53,24-11-2021 19:42,508,1,4: RICE TIGER (Rs. 33),KG,33,5,165
ALIBHAI,53,24-11-2021 19:42,508,2,10: AATTA PLASTIC 5KG (Rs. 140),PACKET,140,1,140
ALIBHAI,53,24-11-2021 19:42,508,3,14: OIL HAPPY SARSO 1 LTR (Rs. 135),BOTTLE,135,1,135
ALIBHAI,53,24-11-2021 19:42,508,4,34: HALDI 100 GM (Rs. 35),KG,35,1,35
ALIBHAI,53,24-11-2021 19:42,508,5,GLORY SOAP,NOS,23,1,23
ALIBHAI,53,24-11-2021 19:42,508,6,CHEWING GUM,NOS,1,10,10
AWDHESH,31,24-11-2021 19:45,131,1,27: DAL TOOR 1 KG (Rs. 105),KG,105,1,105
AWDHESH,31,24-11-2021 19:45,131,2,ONION,KG,40,0.5,20
AWDHESH,31,24-11-2021 19:45,131,3,CHEWING GUM,NOS,2,3,6
AKASH,29,24-11-2021 19:53,95,1,RIN SOAP,NOS,10,2,20
AKASH,29,24-11-2021 19:53,95,2,60: VIM SOAP (Rs. 10),NOS,10,1,10
AKASH,29,24-11-2021 19:53,95,3,61: AALOO (Rs. 20),KG,20,1,20
AKASH,29,24-11-2021 19:53,95,4,ONION,KG,40,1,40
AKASH,29,24-11-2021 19:53,95,5,GUTKHA,NOS,5,1,5
SURESH MAHATO,8,24-11-2021 19:55,10,1,48: MASALA RAJESH MEAT (Rs. 5),KG,5,1,5
SURESH MAHATO,8,24-11-2021 19:55,10,2,NAANKHATAI,NOS,5,1,5
ARJUN,40,24-11-2021 20:45,12.75,1,GUD,KG,50,0.255,13
ARJUN,40,24-11-2021 20:56,25,1,DOVE SHAMPOO,PACKET,5,3,15
ARJUN,40,24-11-2021 20:56,25,2,DOVE SHAMPOO,PACKET,2,5,10
ARJUN,40,24-11-2021 20:56,25,1,DOVE SHAMPOO,PACKET,5,3,15
ARJUN,40,24-11-2021 20:56,25,2,DOVE SHAMPOO,PACKET,2,5,10
PARAS,47,25-11-2021 20:56,60,1,HALDI 200G,PACKET,1,1,60
PAPPU YADAV,35,25-11-2021 20:56,275,1,ATTA 10KG,PACKET,1,1,275
CHANCHAL,159,25-11-2021 20:56,10,1,CIGGARATE,NOS,10,1,10
CHANCHAL,159,25-11-2021 20:56,10,1,VIMAL,NOS,5,2,10
CHANCHAL,159,25-11-2021 10:42,10,1,CIGGARATE,NOS,10,1,10
RAMESH PANDIT,55,25-11-2021 16:28,275,1,11: AATTA PLASTIC 10KG (Rs. 275),PACKET,275,1,275
ARJUN,40,25-11-2021 16:44,10,1,60: VIM SOAP (Rs. 10),NOS,10,1,10
RAJESH MANJHI,28,25-11-2021 16:53,10,1,MASALA KHADA,PACKET,10,1,10
RAMESH PANDIT,55,25-11-2021 16:55,25,1,GLORY SOAP,NOS,25,1,25
CHANCHAL,159,25-11-2021 17:23,20,1,CIGGARATE,NOS,10,1,10
CHANCHAL,159,25-11-2021 17:23,20,2,55: VIMAL (Rs. 5),NOS,5,2,10
CHANCHAL,159,25-11-2021 17:27,5,1,TOBACCO,PACKET,5,1,5
MOHIT,54,25-11-2021 17:28,30,1,GUTKHA,NOS,5,6,30
RAJANI,58,25-11-2021 17:47,537,1,27: DAL TOOR 1 KG (Rs. 105),KG,105,1,105
RAJANI,58,25-11-2021 17:47,537,2,5: RICE SHIVLING (Rs. 36),KG,36,12,432
RAJANI,58,25-11-2021 17:50,130,1,ONION,KG,40,1,40
RAJANI,58,25-11-2021 17:50,130,2,61: AALOO (Rs. 20),KG,20,2,40
RAJANI,58,25-11-2021 17:50,130,3,CHHOLE CHANA,KG,100,0.5,50
RAJANI,58,25-11-2021 17:52,160,1,14: OIL HAPPY SARSO 1 LTR (Rs. 135),BOTTLE,135,1,135
RAJANI,58,25-11-2021 17:52,160,2,LAAL MIRCH,KG,250,0.1,25
RAJANI,58,25-11-2021 17:57,140,1,10: AATTA PLASTIC 5KG (Rs. 140),PACKET,140,1,140
RAJANI,58,25-11-2021 18:14,65,1,DABUR PASTE,NOS,55,1,55
RAJANI,58,25-11-2021 18:14,65,2,60: VIM SOAP (Rs. 10),NOS,10,1,10
JITENDRA,150,24-11-2021 18:15,35,1,SOAP WASHING,NOS,10,1,10
JITENDRA,150,24-11-2021 18:15,35,2,GUTKHA,NOS,5,5,25
JITENDRA,150,25-11-2021 18:18,40,1,GUTKHA,NOS,5,8,40
PINTU,160,25-11-2021 18:19,17,1,CIGGARATE,NOS,6,2,12
MUKESH SAH,25,25-11-2021 18:21,66,1,MOMBATTI,NOS,10,1,10
MUKESH SAH,25,25-11-2021 18:21,66,2,50: EGG (Rs. 7),NOS,7,3,21
MUKESH SAH,25,25-11-2021 18:21,66,3,GOOD NIGHT,PACKET,1,35,35
PINTU,160,24-11-2021 18:24,17,1,CIGGARATE,NOS,6,2,12
PINTU,160,24-11-2021 18:24,17,2,GUTKHA,NOS,5,1,5
PINTU,160,25-11-2021 18:19,17,2,GUTKHA,NOS,5,1,5
ARJUN,40,25-11-2021 18:30,10,1,SOYABEAN,PACKET,10,1,10
RAJESH MANJHI,28,25-11-2021 18:51,220,1,61: AALOO (Rs. 20),KG,20,2,40
RAJESH MANJHI,28,25-11-2021 18:51,220,2,ONION,KG,40,1,40
RAJESH MANJHI,28,25-11-2021 18:51,220,3,LACHIDANA,GRAM,0.12,100,12
RAJESH MANJHI,28,25-11-2021 18:51,220,4,54: SHAMPOO (Rs. 1),PACKET,1,32,32
RAJESH MANJHI,28,25-11-2021 18:51,220,5,OIL POUCH,PACKET,1,5,5
RAJESH MANJHI,28,25-11-2021 18:51,220,6,DAL CHANA,KG,85,0.25,21
RAJESH MANJHI,28,25-11-2021 18:51,220,7,AGARBATTI,PACKET,70,1,70
RAJESH MANJHI,28,25-11-2021 18:51,800,1,RICE TIGER,KG,790,1,790
RAJESH MANJHI,28,25-11-2021 18:51,800,2,MATCH BOX,NOS,10,1,10
ROHIT KALU,22,25-11-2021 19:55,175,1,SOYABEAN,PACKET,10,1,10
ROHIT KALU,22,25-11-2021 19:55,175,2,23: OIL TEJ SARSU 500 ML (Rs. 130),BOTTLE,130,1,130
ROHIT KALU,22,25-11-2021 19:55,175,3,LAHSUN 250GM,GRAM,35,1,35
ARJUN,40,25-11-2021 19:58,65,1,CHHOLE CHANA,KG,100,0.25,25
ARJUN,40,25-11-2021 19:58,65,2,PANEER MASALA,PACKET,40,1,40
SURESH RAMESH,23,25-11-2021 20:00,37,1,TEL POUCH,PACKET,1,2,2
SURESH RAMESH,23,25-11-2021 20:00,37,2,LAHSUN 250GM,GRAM,35,1,35
DHRUP,1,25-11-2021 20:04,80,1,MAACHIS,PACKET,10,1,10
DHRUP,1,25-11-2021 20:04,80,2,LIGHTER,NOS,55,1,55
DHRUP,1,25-11-2021 20:04,80,3,NAMKEEN 100GM,GRAM,15,1,15
RAJESH MANJHI,28,25-11-2021 20:06,15,1,TOBACCO,PACKET,5,1,5
RAJESH MANJHI,28,25-11-2021 20:06,15,2,MAACHIS,PACKET,10,1,10
AWDHESH,31,25-11-2021 20:10,35,1,BESAN 250GM,GRAM,25,1,25
AWDHESH,31,25-11-2021 20:10,35,2,2: WAFERS (Rs. 5),PACKET,5,2,10
VIJAY,50,25-11-2021 20:13,71,1,61: AALOO (Rs. 20),KG,20,2,40
VIJAY,50,25-11-2021 20:13,71,2,LAAL MIRCH 100GM,GRAM,25,1,25
VIJAY,50,25-11-2021 20:13,71,3,ILAICHI,PACKET,6,1,6
SANOJ,5,25-11-2021 20:17,85,1,JASMIN OIL,BOTTLE,85,1,85
RAMDHARI,33,26-Nov-2021 9:25,10,1,58: MASALA RAJESH MEAT (Rs. 5),KG,5,2,10
JANAK,57,26-Nov-2021 9:32,25,1,95: SURF WHELE 500 (Rs. 25),PACKET,25,1,25
MUKESH SHARMA,9,26-Nov-2021 9:45,80,1,58: MASALA RAJESH MEAT (Rs. 5),KG,5,16,80
ROHIT DEV PERSONAL,157,26-Nov-2021 13:7,10,1,100: VIMAL (Rs. 5),NOS,5,2,10
DHRUP,1,26-Nov-2021 13:7,70,1,32: EGG (Rs. 7),NOS,7,10,70
SUKHENDRA,18,26-Nov-2021 13:9,140,1,4: AATTA PLASTIC 5KG (Rs. 140),PACKET,140,1,140
BIKASH (SABJI),42,26-Nov-2021 14:2,30,1,92: SOYABEAN (Rs. 10),PACKET,10,2,20
BIKASH (SABJI),42,26-Nov-2021 14:2,30,2,16: CHOCOLATE (Rs. 1),NOS,1,10,10
AWDHESH,31,26-Nov-2021 14:6,20,1,MAGGIE,PACKET,10,2,20
MERAJ,3,26-Nov-2021 14:7,20,1,100: VIMAL (Rs. 5),NOS,5,2,10
MERAJ,3,26-Nov-2021 14:7,20,2,9: BISCUITS (Rs. 5),PACKET,5,2,10
JITENDRA,150,26-Nov-2021 14:7,10,1,100: VIMAL (Rs. 5),NOS,5,2,10
JANAK,57,26-Nov-2021 14:9,163,1,32: EGG (Rs. 7),NOS,7,4,28
JANAK,57,26-Nov-2021 14:9,163,2,OIL MITHA 1LTR,BOTTLE,135,1,135
CHANCHAL,159,26-Nov-2021 14:12,10,1,17: CIGGARATE (Rs. 10),NOS,10,1,10
ALIBHAI,53,26-Nov-2021 14:12,105,1,24: DAL TOOR 1 KG (Rs. 105),KG,105,1,105
ALIBHAI,53,26-Nov-2021 14:14,109,1,24: DAL TOOR 1 KG (Rs. 105),KG,105,1,105
ALIBHAI,53,26-Nov-2021 14:14,109,2,CHIKKI,NOS,5,1,5
PANKAJ MANOJ,21,26-Nov-2021 14:15,365,1,2: AALOO (Rs. 20),KG,20,1,20
PANKAJ MANOJ,21,26-Nov-2021 14:15,365,2,78: ONION (Rs. 40),KG,40,1,40
PANKAJ MANOJ,21,26-Nov-2021 14:15,365,3,MITHA TEL,BOTTLE,135,1,135
PANKAJ MANOJ,21,26-Nov-2021 14:15,365,4,87: RICE TIGER (Rs. 33),KG,33,5,165
PANKAJ MANOJ,21,26-Nov-2021 14:15,365,5,9: BISCUITS (Rs. 5),PACKET,5,1,5
SANTOSH,17,26-Nov-2021 14:18,490,1,SING BHUJIYA,KG,135,1,135
SANTOSH,17,26-Nov-2021 14:18,490,2,61: NAMKEEN 100GM (Rs. 15),GRAM,15,5,75
SANTOSH,17,26-Nov-2021 14:18,490,3,9: BISCUITS (Rs. 5),PACKET,5,10,50
SANTOSH,17,26-Nov-2021 14:18,490,4,101: WAFERS (Rs. 5),PACKET,5,7,35
SANTOSH,17,26-Nov-2021 14:18,490,5,POWDER PONDS,NOS,10,1,10
SANTOSH,17,26-Nov-2021 14:18,490,6,SUJI 500GM,GRAM,25,1,25
SANTOSH,17,26-Nov-2021 14:18,490,7,CHOCOLATE COCONUT,NOS,160,1,160
BAHADUR BHAI,60,26-Nov-2021 14:26,130,1,95: SURF WHELE 500 (Rs. 25),PACKET,25,2,50
BAHADUR BHAI,60,26-Nov-2021 14:26,130,2,Detol,NOS,30,2,60
BAHADUR BHAI,60,26-Nov-2021 14:26,130,3,100: VIMAL (Rs. 5),NOS,5,4,20
MADAN YADAV PERSONAL,154,26-Nov-2021 14:28,30,1,36: GUTKHA (Rs. 5),NOS,5,4,20
MADAN YADAV PERSONAL,154,26-Nov-2021 14:28,30,2,MAWA,NOS,10,1,10
BITTU,68,26-Nov-2021 14:29,15,1,36: GUTKHA (Rs. 5),NOS,5,2,10
BITTU,68,26-Nov-2021 14:29,15,2,Cigarete,NOS,5,1,5
MANOJ PRASAD,153,24-Nov-2021 14:35,15,1,100: VIMAL (Rs. 5),NOS,5,2,10
MANOJ PRASAD,153,24-Nov-2021 14:35,15,2,Tambacoo,NOS,5,1,5
BASANT,64,25-Nov-2021 14:52,5,1,Cigaret,NOS,5,1,5
MERAJ,3,26-Nov-2021 14:58,70,1,Jag,NOS,70,1,70
SAKHAN SUNIL,13,26-Nov-2021 14:59,25,1,61: NAMKEEN 100GM (Rs. 15),GRAM,15,1,15
SAKHAN SUNIL,13,26-Nov-2021 14:59,25,2,9: BISCUITS (Rs. 5),PACKET,5,2,10
SAKHAN SUNIL,13,25-Nov-2021 15:2,5,1,Weffer,NOS,5,1,5
MOHIT,54,23-Nov-2021 15:10,20,1,sope,NOS,10,1,10
MOHIT,54,23-Nov-2021 15:10,20,2,36: GUTKHA (Rs. 5),NOS,5,2,10
JITENDRA,150,26-Nov-2021 15:34,10,1,91: SOAP WASHING (Rs. 10),NOS,10,1,10
CHANCHAL,159,24-Nov-2021 15:43,40,1,17: CIGGARATE (Rs. 10),NOS,10,3,30
CHANCHAL,159,24-Nov-2021 15:43,40,2,36: GUTKHA (Rs. 5),NOS,5,2,10
MOHIT,54,24-Nov-2021 15:46,5,1,36: GUTKHA (Rs. 5),NOS,5,1,5
MADAN YADAV PERSONAL,154,26-Nov-2021 15:48,30,1,36: GUTKHA (Rs. 5),NOS,5,4,20
MADAN YADAV PERSONAL,154,26-Nov-2021 15:48,30,2,Mawa,NOS,10,1,10
SAKHAN SUNIL,13,26-Nov-2021 17:39,20,1,61: NAMKEEN 100GM (Rs. 15),GRAM,15,1,15
SAKHAN SUNIL,13,26-Nov-2021 17:39,20,2,Wefer,NOS,5,1,5
SUNIL WIREMAN,146,24-Nov-2021 17:43,5,1,wefer,NOS,5,1,5
ARJUN,40,26-Nov-2021 17:45,25,1,30: DOVE SHAMPOO (Rs. 2),PACKET,2,5,10
ARJUN,40,26-Nov-2021 17:45,25,2,31: DOVE SHAMPOO (Rs. 5),PACKET,5,3,15
ARJUN,40,26-Nov-2021 18:7,25,1,31: DOVE SHAMPOO (Rs. 5),PACKET,5,3,15
ARJUN,40,26-Nov-2021 18:7,25,2,30: DOVE SHAMPOO (Rs. 2),PACKET,2,5,10
ROHIT DEV PERSONAL,157,26-Nov-2021 18:17,110,1,100: VIMAL (Rs. 5),NOS,5,2,10
ROHIT DEV PERSONAL,157,26-Nov-2021 18:17,110,2,Cash,0,100,1,100
SUJIT KUMAR,69,26-Nov-2021 18:24,628,1,Past Balance,NOS,253,1,253
SUJIT KUMAR,69,26-Nov-2021 18:24,628,2,SARSO HAPPY,CAN,265,1,265
SUJIT KUMAR,69,26-Nov-2021 18:24,628,3,99: VIM SOAP (Rs. 10),NOS,10,1,10
SUJIT KUMAR,69,26-Nov-2021 18:24,628,4,23: DAL MOONG 500 (Rs. 100),KG,100,1,100
GOPAL,32,26-Nov-2021 18:31,400,1,98: TUAR DAL (Rs. 105),KG,105,1,105
GOPAL,32,26-Nov-2021 18:31,400,2,3: AATTA PLASTIC 10KG (Rs. 275),PACKET,275,1,275
GOPAL,32,26-Nov-2021 18:31,400,3,103: CHIKKI (Rs. 5),NOS,5,4,20
BASANT,64,26-Nov-2021 18:38,5,1,100: VIMAL (Rs. 5),NOS,5,1,5
ROHIT KALU,22,26-Nov-2021 18:45,195,2,78: ONION (Rs. 40),KG,40,1,40
ROHIT KALU,22,26-Nov-2021 18:45,195,3,95: SURF WHELE 500 (Rs. 25),PACKET,25,1,25
ROHIT KALU,22,26-Nov-2021 18:45,195,4,33: GLORY SOAP (Rs. 25),NOS,25,1,25
AKASH,29,26-Nov-2021 18:53,275,1,66: OIL HAPPY MITHA 2 LTR (Rs. 270),CAN,270,1,270
AKASH,29,26-Nov-2021 18:53,275,2,36: GUTKHA (Rs. 5),NOS,5,1,5
RAJU,49,26-Nov-2021 18:55,261,1,37: HALDI 100 GM (Rs. 35),KG,35,1,35
RAJU,49,26-Nov-2021 18:55,261,2,27: DHANIYA POWDER 100 GM (Rs. 35),KG,35,1,35
RAJU,49,26-Nov-2021 18:55,261,3,4: AATTA PLASTIC 5KG (Rs. 140),PACKET,140,1,140
RAJU,49,26-Nov-2021 18:55,261,4,Jeera,GRAM,26,1,26
RAJU,49,26-Nov-2021 18:55,261,5,Marich,GRAM,25,1,25
BASANT,64,25-Nov-2021 19:29,5,1,110: CIGGARATE (Rs. 5),NOS,5,1,5
PINTU,160,25-Nov-2021 19:47,5,1,tabacoo,PACKET,5,1,5
PINTU,160,26-Nov-2021 19:56,10,1,110: CIGGARATE (Rs. 5),NOS,5,1,5
PINTU,160,26-Nov-2021 19:56,10,2,36: GUTKHA (Rs. 5),NOS,5,1,5
MOHIT,54,26-Nov-2021 19:58,10,1,shop,NOS,10,1,10
BITTU,68,26-Nov-2021 20:0,20,1,36: GUTKHA (Rs. 5),NOS,5,2,10
BITTU,68,26-Nov-2021 20:0,20,2,109: MAWA (Rs. 10),NOS,10,1,10
CHANCHAL,159,25-Nov-2021 20:2,15,1,17: CIGGARATE (Rs. 10),NOS,10,1,10
CHANCHAL,159,25-Nov-2021 20:2,15,2,36: GUTKHA (Rs. 5),NOS,5,1,5
SANTOSH,17,26-Nov-2021 20:10,275,1,3: AATTA PLASTIC 10KG (Rs. 275),PACKET,275,1,275
AVINASH PERSONAL,165,26-Nov-2021 20:14,5,1,9: BISCUITS (Rs. 5),PACKET,5,1,5
RAJU,49,25-Nov-2021 20:18,900,1,86: RICE SHIVLING (Rs. 36),KG,36,25,900
MULAYAM,43,26-Nov-2021 20:24,28,1,32: EGG (Rs. 7),NOS,7,4,28
SANOJ,5,26-Nov-2021 20:25,5,1,tejpatta,NOS,5,1,5
SANTOSH,17,24-Nov-2021 20:28,111,1,Fair & lovly,NOS,56,1,56
SANTOSH,17,24-Nov-2021 20:28,111,2,33: GLORY SOAP (Rs. 25),NOS,25,1,25
SANTOSH,17,24-Nov-2021 20:28,111,3,9: BISCUITS (Rs. 5),PACKET,5,4,20
SANTOSH,17,24-Nov-2021 20:28,111,4,48: LOLLIPOP (Rs. 5),NOS,5,2,10
SANTOSH,17,24-Nov-2021 20:34,75,1,33: GLORY SOAP (Rs. 25),NOS,25,3,75
ROHIT KALU,22,26-Nov-2021 21:37,91,1,87: RICE TIGER (Rs. 33),KG,33,2,66
ROHIT KALU,22,26-Nov-2021 21:37,91,2,CHHOLE CHANA 250GM,GRAM,25,1,25
ROHIT KALU,22,26-Nov-2021 18:45,195,1,DAL TUAR,KG,105,1,105
RAJESH MANJHI,28,25-Nov-2021 9:4,15,1,50: MAACHIS (Rs. 10),PACKET,10,1,10
RAJESH MANJHI,28,25-Nov-2021 9:4,15,2,97: TOBACCO (Rs. 5),PACKET,5,1,5
DHRUP,1,27-Nov-2021 9:7,224,1,98: TUAR DAL (Rs. 105),KG,105,2,210
DHRUP,1,27-Nov-2021 9:7,224,2,32: EGG (Rs. 7),NOS,7,2,14
PINTU,160,27-Nov-2021 9:16,10,1,110: CIGGARATE (Rs. 5),NOS,5,1,5
PINTU,160,27-Nov-2021 9:16,10,2,100: VIMAL (Rs. 5),NOS,5,1,5
MADAN YADAV PERSONAL,154,25-Nov-2021 9:17,30,1,36: GUTKHA (Rs. 5),NOS,5,4,20
MADAN YADAV PERSONAL,154,25-Nov-2021 9:17,30,2,109: MAWA (Rs. 10),NOS,10,1,10
MOHIT,54,25-Nov-2021 9:58,20,1,36: GUTKHA (Rs. 5),NOS,5,4,20
PRAKASH,70,27-Nov-2021 10:47,23,1,115: CIGGARATE (Rs. 6),NOS,6,3,18
PRAKASH,70,27-Nov-2021 10:47,23,2,9: BISCUITS (Rs. 5),PACKET,5,1,5
AWDHESH RAY,31,26-Nov-2021 10:52,5,1,101: WAFERS (Rs. 5),PACKET,5,1,5
AKASH,29,26-Nov-2021 11:6,10,1,101: WAFERS (Rs. 5),PACKET,5,2,10
RAJESH MANJHI,28,26-Nov-2021 11:8,10,1,91: SOAP WASHING (Rs. 10),NOS,10,1,10
ARJUN,40,27-Nov-2021 11:9,70,1,53: MASALA EVEREST CHICKEN 8 GM (Rs. 5),KG,5,10,50
ARJUN,40,27-Nov-2021 11:9,70,2,90: SHAMPOO (Rs. 1),PACKET,1,10,10
ARJUN,40,27-Nov-2021 11:9,70,3,9: BISCUITS (Rs. 5),PACKET,5,2,10
ROHIT DEV PERSONAL,157,27-Nov-2021 11:19,310,1,36: GUTKHA (Rs. 5),NOS,5,2,10
ROHIT DEV PERSONAL,157,27-Nov-2021 11:19,310,2,Case,0,100,1,100
ROHIT DEV PERSONAL,157,27-Nov-2021 11:19,310,3,Case,0,200,1,200
BASANT,64,27-Nov-2021 11:23,30,1,110: CIGGARATE (Rs. 5),NOS,5,2,10
BASANT,64,27-Nov-2021 11:23,30,2,100: VIMAL (Rs. 5),NOS,5,1,5
BASANT,64,27-Nov-2021 11:23,30,3,97: TOBACCO (Rs. 5),PACKET,5,1,5
BASANT,64,27-Nov-2021 11:23,30,4,9: BISCUITS (Rs. 5),PACKET,5,2,10
AKASH,29,27-Nov-2021 11:28,280,1,66: OIL HAPPY MITHA 2 LTR (Rs. 270),CAN,270,1,270
AKASH,29,27-Nov-2021 11:28,280,2,36: GUTKHA (Rs. 5),NOS,5,2,10
RAJU,49,27-Nov-2021 11:29,256,1,37: HALDI 100 GM (Rs. 35),KG,35,1,35
RAJU,49,27-Nov-2021 11:29,256,2,27: DHANIYA POWDER 100 GM (Rs. 35),KG,35,1,35
RAJU,49,27-Nov-2021 11:29,256,3,4: AATTA PLASTIC 5KG (Rs. 140),PACKET,140,1,140
RAJU,49,27-Nov-2021 11:29,256,4,Jira,GRAM,21,1,21
RAJU,49,27-Nov-2021 11:29,256,5,Mari,GRAM,25,1,25
MERAJ,3,27-Nov-2021 11:35,52,1,32: EGG (Rs. 7),NOS,7,6,42
MERAJ,3,27-Nov-2021 11:35,52,2,9: BISCUITS (Rs. 5),PACKET,5,2,10
PINTU,160,27-Nov-2021 11:38,34,1,115: CIGGARATE (Rs. 6),NOS,6,2,12
PINTU,160,27-Nov-2021 11:38,34,2,36: GUTKHA (Rs. 5),NOS,5,2,10
RAJESH MANJHI,28,26-Nov-2021 12:18,12,1,Rai,GRAM,12,1,12
SAKHAN SUNIL,13,27-Nov-2021 12:19,24,1,58: MASALA RAJESH MEAT (Rs. 5),KG,5,2,10
SAKHAN SUNIL,13,27-Nov-2021 12:19,24,2,32: EGG (Rs. 7),NOS,7,2,14
DHRUP,1,26-Nov-2021 12:25,15,1,53: MASALA EVEREST CHICKEN 8 GM (Rs. 5),KG,5,3,15
MUKESH SHARMA,9,27-Nov-2021 12:26,80,1,37: HALDI 100 GM (Rs. 35),KG,35,1,35
MUKESH SHARMA,9,27-Nov-2021 12:26,80,2,78: ONION (Rs. 40),KG,40,1,40
MUKESH SHARMA,9,27-Nov-2021 12:26,80,3,53: MASALA EVEREST CHICKEN 8 GM (Rs. 5),KG,5,1,5
SUJIT KUMAR,69,27-Nov-2021 13:3,20,1,92: SOYABEAN (Rs. 10),PACKET,10,2,20
PANKAJ SIDDHARTH,61,27-Nov-2021 13:4,100,1,9: BISCUITS (Rs. 5),PACKET,5,10,50
PANKAJ SIDDHARTH,61,27-Nov-2021 13:4,100,2,95: SURF WHELE 500 (Rs. 25),PACKET,25,2,50
PRAKASH,70,27-Nov-2021 13:7,5,1,BIDI,NOS,1,5,5
BITTU,68,27-Nov-2021 14:7,10,1,36: GUTKHA (Rs. 5),NOS,5,2,10
CHANCHAL,159,27-Nov-2021 17:19,20,1,17: CIGGARATE (Rs. 10),NOS,10,1,10
CHANCHAL,159,27-Nov-2021 17:19,20,2,100: VIMAL (Rs. 5),NOS,5,2,10
RAJESH MANJHI,28,27-Nov-2021 17:19,16,1,GUD 100GM,GRAM,5,2,10
RAJESH MANJHI,28,27-Nov-2021 17:19,16,2,LAVANG PACKET,PACKET,6,1,6
SANTOSH YADAV,67,27-Nov-2021 18:7,20,1,7: BESAN (Rs. 20),KG,20,1,20
CHANCHAL,159,26-Nov-2021 18:11,10,1,17: CIGGARATE (Rs. 10),NOS,10,1,10
RAMESH YADAV,51,27-Nov-2021 18:25,423,1,69: OIL HAPPY SARSO 1 LTR (Rs. 135),BOTTLE,135,1,135
RAMESH YADAV,51,27-Nov-2021 18:25,423,2,CHINI,KG,43,1,43
RAMESH YADAV,51,27-Nov-2021 18:25,423,3,4: AATTA PLASTIC 5KG (Rs. 140),PACKET,140,1,140
RAMESH YADAV,51,27-Nov-2021 18:25,423,4,98: TUAR DAL (Rs. 105),KG,105,1,105
RAJESH MANJHI,28,27-Nov-2021 18:27,60,1,BESAN 500GM,GRAM,60,1,60
SAKHAN SUNIL,13,27-Nov-2021 18:40,125,1,46: LAHSUN 250GM (Rs. 35),GRAM,35,1,35
SAKHAN SUNIL,13,27-Nov-2021 18:40,125,2,78: ONION (Rs. 40),KG,40,1,40
SAKHAN SUNIL,13,27-Nov-2021 18:40,125,3,2: AALOO (Rs. 20),KG,20,1,20
SAKHAN SUNIL,13,27-Nov-2021 18:40,125,4,KANGHI,NOS,5,1,5
SAKHAN SUNIL,13,27-Nov-2021 18:40,125,5,ECO,NOS,15,1,15
SAKHAN SUNIL,13,27-Nov-2021 18:40,125,6,53: MASALA EVEREST CHICKEN 8 GM (Rs. 5),KG,5,2,10
SARVAN SUNIL,13,27-Nov-2021 18:53,35,1,32: EGG (Rs. 7),NOS,7,5,35
MERAJ,3,27-Nov-2021 18:56,15,1,9: BISCUITS (Rs. 5),PACKET,5,3,15
AKASH,29,27-Nov-2021 19:10,40,1,sewai,PACKET,15,1,15
AKASH,29,27-Nov-2021 19:10,40,2,36: GUTKHA (Rs. 5),NOS,5,2,10
AKASH,29,27-Nov-2021 19:10,40,3,Mithai,NOS,5,3,15
LALIT,4,27-Nov-2021 19:22,461,1,78: ONION (Rs. 40),KG,40,2,80
LALIT,4,27-Nov-2021 19:22,461,2,46: LAHSUN 250GM (Rs. 35),GRAM,35,1,35
LALIT,4,27-Nov-2021 19:22,461,3,90: SHAMPOO (Rs. 1),PACKET,1,20,20
LALIT,4,27-Nov-2021 19:22,461,4,3: AATTA PLASTIC 10KG (Rs. 275),PACKET,275,1,275
LALIT,4,27-Nov-2021 19:22,461,5,95: SURF WHELE 500 (Rs. 25),PACKET,25,1,25
LALIT,4,27-Nov-2021 19:22,461,6,JEERA 100GM,GRAM,26,1,26
MULAYAM,43,27-Nov-2021 19:25,88,1,32: EGG (Rs. 7),NOS,7,4,28
MULAYAM,43,27-Nov-2021 19:25,88,2,53: MASALA EVEREST CHICKEN 8 GM (Rs. 5),KG,5,5,25
MULAYAM,43,27-Nov-2021 19:25,88,3,46: LAHSUN 250GM (Rs. 35),GRAM,35,1,35
VIJAY,50,27-Nov-2021 19:49,275,1,3: AATTA PLASTIC 10KG (Rs. 275),PACKET,275,1,275
SURESH MAHATO,8,27-Nov-2021 19:55,340,1,78: ONION (Rs. 40),KG,40,1,40
SURESH MAHATO,8,27-Nov-2021 19:55,340,2,2: AALOO (Rs. 20),KG,20,1,20
SURESH MAHATO,8,27-Nov-2021 19:55,340,3,24: DAL TOOR 1 KG (Rs. 105),KG,105,1,105
SURESH MAHATO,8,27-Nov-2021 19:55,340,4,Oil sing,BOTTLE,170,1,170
SURESH MAHATO,8,27-Nov-2021 19:55,340,5,Mithai,NOS,5,1,5
ALIBHAI,53,27-Nov-2021 20:48,5,1,103: CHIKKI (Rs. 5),NOS,5,1,5
RAMSEVAK,37,27-Nov-2021 20:50,375,1,91: SOAP WASHING (Rs. 10),NOS,10,5,50
RAMSEVAK,37,27-Nov-2021 20:50,375,2,99: VIM SOAP (Rs. 10),NOS,10,5,50
RAMSEVAK,37,27-Nov-2021 20:50,375,3,3: AATTA PLASTIC 10KG (Rs. 275),PACKET,275,1,275
BASANT,64,27-Nov-2021 20:57,5,1,110: CIGGARATE (Rs. 5),NOS,5,1,5
RAJESH MANJHI,28,27-Nov-2021 21:0,10,1,73: OIL POUCH (Rs. 1),NOS,1,10,10
DINESH SIDDHARTH,38,27-Nov-2021 21:3,10,1,NAMAK,KG,10,1,10
MOHIT,54,27-Nov-2021 21:39,60,1,GUD 200 GM,GRAM,20,1,20
MOHIT,54,27-Nov-2021 21:39,60,2,81: PARLE G (Rs. 5),PACKET,5,2,10
MOHIT,54,27-Nov-2021 21:39,60,3,125: PASTE 50GM (Rs. 20),GRAM,20,1,20
MOHIT,54,27-Nov-2021 21:39,60,4,37: GUTKHA (Rs. 5),NOS,5,2,10
SANOJ,5,28-Nov-2021 8:40,135,1,70: OIL HAPPY SARSO 1 LTR (Rs. 135),BOTTLE,135,1,135
SUNIL WIREMAN,146,28-Nov-2021 8:51,10,1,102: WAFERS (Rs. 5),PACKET,5,1,5
SUNIL WIREMAN,146,28-Nov-2021 8:51,10,2,37: GUTKHA (Rs. 5),NOS,5,1,5
CHANCHAL,159,27-Nov-2021 8:55,50,1,17: CIGGARATE (Rs. 10),NOS,10,3,30
CHANCHAL,159,27-Nov-2021 8:55,50,2,37: GUTKHA (Rs. 5),NOS,5,4,20
MUKESH SHARMA,9,28-Nov-2021 8:58,28,1,33: EGG (Rs. 7),NOS,7,4,28
SURESH MAHATO,8,28-Nov-2021 8:59,10,1,90: RIN SOAP (Rs. 10),NOS,10,1,10
MUKESH SHARMA,9,28-Nov-2021 9:0,874,1,87: RICE SHIVLING (Rs. 36),KG,36,24,864
MUKESH SHARMA,9,28-Nov-2021 9:0,874,2,91: SHAMPOO (Rs. 1),PACKET,1,10,10
JITENDRA,150,27-Nov-2021 9:8,20,1,101: VIMAL (Rs. 5),NOS,5,4,20
BIKASH (SABJI),42,28-Nov-2021 9:16,200,2,70: OIL HAPPY SARSO 1 LTR (Rs. 135),BOTTLE,135,1,135
BIKASH (SABJI),42,28-Nov-2021 9:16,200,3,Salt,PACKET,10,1,10
PARAS,47,27-Nov-2021 9:20,260,1,24: DAL TOOR 1KG (Rs. 105),KG,105,2,210
PARAS,47,27-Nov-2021 9:20,260,2,Sempoo,KG,1,50,50
SUDHARSHAN,14,28-Nov-2021 9:22,40,1,79: ONION (Rs. 40),KG,40,1,40
SUDHARSHAN,14,25-Nov-2021 9:29,110,1,120: PASTE 200GM (Rs. 100),NOS,100,1,100
SUDHARSHAN,14,25-Nov-2021 9:29,110,2,51: MAACHIS (Rs. 10),PACKET,10,1,10
AWDHESH RAY,31,27-Nov-2021 9:58,5,1,59: MASALA RAJESH MEAT (Rs. 5),KG,5,1,5
AWDHESH RAY,31,24-Nov-2021 10:7,135,1,70: OIL HAPPY SARSO 1 LTR (Rs. 135),BOTTLE,135,1,135
AWDHESH RAY,31,26-Nov-2021 10:12,95,1,Onion,GRAM,20,1,20
AWDHESH RAY,31,26-Nov-2021 10:12,95,2,33: EGG (Rs. 7),NOS,7,10,70
AWDHESH RAY,31,26-Nov-2021 10:12,95,3,Mombati 5/-,NOS,5,1,5
AWDHESH RAY,31,28-Nov-2021 10:18,72,1,Pasta 10/-,GRAM,10,1,10
AWDHESH RAY,31,28-Nov-2021 10:18,72,2,34: GLORY SOAP (Rs. 25),NOS,25,2,50
AWDHESH RAY,31,28-Nov-2021 10:18,72,3,Sempoo,NOS,1,12,12
PINTU,160,28-Nov-2021 10:28,11,1,116: CIGGARATE (Rs. 6),NOS,6,1,6
PINTU,160,28-Nov-2021 10:28,11,2,37: GUTKHA (Rs. 5),NOS,5,1,5
AVINASH PERSONAL,165,28-Nov-2021 10:37,25,1,Pears,KG,25,1,25
MADAN YADAV PERSONAL,154,27-Nov-2021 11:6,20,1,37: GUTKHA (Rs. 5),NOS,5,2,10
MADAN YADAV PERSONAL,154,27-Nov-2021 11:6,20,2,110: MAWA (Rs. 10),NOS,10,1,10
DHRUP,1,28-Nov-2021 11:8,56,1,122: JEERA 100GM (Rs. 26),GRAM,26,1,26
DHRUP,1,28-Nov-2021 11:8,56,2,124: MARICH 10GM (Rs. 10),GRAM,10,2,20
DHRUP,1,28-Nov-2021 11:8,56,3,119: MITHAI (Rs. 5),NOS,5,1,5
DHRUP,1,28-Nov-2021 11:8,56,4,102: WAFERS (Rs. 5),PACKET,5,1,5
RAJESH MANJHI,28,28-Nov-2021 11:15,130,1,2: AALOO (Rs. 20),KG,20,2,40
RAJESH MANJHI,28,28-Nov-2021 11:15,130,2,79: ONION (Rs. 40),KG,40,2,80
RAJESH MANJHI,28,28-Nov-2021 11:15,130,3,97: TEL POUCH (Rs. 1),PACKET,1,10,10
SANDIP MAJHI,71,28-Nov-2021 11:19,10,1,101: VIMAL (Rs. 5),NOS,5,2,10
SARVAN SUNIL,13,28-Nov-2021 11:21,26,1,102: WAFERS (Rs. 5),PACKET,5,1,5
SARVAN SUNIL,13,28-Nov-2021 11:21,26,2,33: EGG (Rs. 7),NOS,7,3,21
AKASH,29,28-Nov-2021 11:56,11,1,116: CIGGARATE (Rs. 6),NOS,6,1,6
AKASH,29,28-Nov-2021 11:56,11,2,37: GUTKHA (Rs. 5),NOS,5,1,5
VICKY,72,28-Nov-2021 11:57,10,1,9: BISCUITS (Rs. 5),PACKET,5,2,10
ROHIT DEV PERSONAL,157,28-Nov-2021 12:25,10,1,101: VIMAL (Rs. 5),NOS,5,2,10
JITENDRA,150,28-Nov-2021 12:25,25,1,101: VIMAL (Rs. 5),NOS,5,5,25
BIKASH (SABJI),42,28-Nov-2021 13:36,35,1,96: SURF WHEEL 500 GM (Rs. 25),PACKET,25,1,25
BIKASH (SABJI),42,28-Nov-2021 13:36,35,2,119: MITHAI (Rs. 5),NOS,5,2,10
PRAKASH,70,28-Nov-2021 13:51,17,1,116: CIGGARATE (Rs. 6),NOS,6,2,12
PRAKASH,70,28-Nov-2021 13:51,17,2,101: VIMAL (Rs. 5),NOS,5,1,5
MERAJ,3,28-Nov-2021 14:2,75,1,34: GLORY SOAP (Rs. 25),NOS,25,2,50
MERAJ,3,28-Nov-2021 14:2,75,2,104: CHIKKI (Rs. 5),NOS,5,1,5
MERAJ,3,28-Nov-2021 14:2,75,3,9: BISCUITS (Rs. 5),PACKET,5,2,10
MERAJ,3,28-Nov-2021 14:2,75,4,101: VIMAL (Rs. 5),NOS,5,2,10
BITTU,68,28-Nov-2021 16:21,25,1,119: MITHAI (Rs. 5),NOS,5,1,5
BITTU,68,28-Nov-2021 16:21,25,2,37: GUTKHA (Rs. 5),NOS,5,4,20
VIJAY,50,28-Nov-2021 16:26,40,1,79: ONION (Rs. 40),KG,40,1,40
CHANCHAL,159,28-Nov-2021 16:27,45,1,17: CIGGARATE (Rs. 10),NOS,10,2,20
CHANCHAL,159,28-Nov-2021 16:27,45,2,101: VIMAL (Rs. 5),NOS,5,5,25
PINTU,160,28-Nov-2021 16:38,6,1,116: CIGGARATE (Rs. 6),NOS,6,1,6
RAMDHARI,33,28-Nov-2021 16:40,10,1,59: MASALA RAJESH MEAT (Rs. 5),KG,5,2,10
SUNIL WIREMAN,146,28-Nov-2021 16:43,10,1,37: GUTKHA (Rs. 5),NOS,5,1,5
SUNIL WIREMAN,146,28-Nov-2021 16:43,10,2,102: WAFERS (Rs. 5),PACKET,5,1,5
MERAJ,3,28-Nov-2021 17:30,104,1,8: BESAN 250GM (Rs. 25),GRAM,25,1,25
MERAJ,3,28-Nov-2021 17:30,104,2,SUGAR 500GM,GRAM,22,1,22
MERAJ,3,28-Nov-2021 17:30,104,3,33: EGG (Rs. 7),NOS,7,6,42
MERAJ,3,28-Nov-2021 17:30,104,4,CHAI PATTI,PACKET,10,1,10
MERAJ,3,28-Nov-2021 17:30,104,5,119: MITHAI (Rs. 5),NOS,5,1,5
MADAN YADAV PERSONAL,154,28-Nov-2021 17:37,10,1,37: GUTKHA (Rs. 5),NOS,5,2,10
MADAN YADAV,34,28-Nov-2021 17:37,10,1,91: SHAMPOO (Rs. 1),PACKET,1,10,10
ROHIT DEV,62,28-Nov-2021 18:4,120,1,79: ONION (Rs. 40),KG,40,1,40
ROHIT DEV,62,28-Nov-2021 18:4,120,2,33: EGG (Rs. 7),NOS,7,10,70
ROHIT DEV,62,28-Nov-2021 18:4,120,3,101: VIMAL (Rs. 5),NOS,5,2,10
ANURAG,48,28-Nov-2021 18:6,236,1,24: DAL TOOR 1KG (Rs. 105),KG,105,2,210
ANURAG,48,28-Nov-2021 18:6,236,2,122: JEERA 100GM (Rs. 26),GRAM,26,1,26
JITENDRA,150,28-Nov-2021 18:10,15,1,101: VIMAL (Rs. 5),NOS,5,2,10
JITENDRA,150,28-Nov-2021 18:10,15,2,98: TOBACCO (Rs. 5),PACKET,5,1,5
SANTOSH YADAV,67,28-Nov-2021 18:12,24,1,poha 250 g,GRAM,12,1,12
SANTOSH YADAV,67,28-Nov-2021 18:12,24,2,Singdana 100 g,GRAM,12,1,12
RAJANI,58,28-Nov-2021 18:15,1390,1,87: RICE SHIVLING (Rs. 36),KG,36,25,900
RAJANI,58,28-Nov-2021 18:15,1390,2,67: OIL HAPPY MITHA 2 LTR (Rs. 270),CAN,270,1,270
RAJANI,58,28-Nov-2021 18:15,1390,3,24: DAL TOOR 1KG (Rs. 105),KG,105,1,105
RAJANI,58,28-Nov-2021 18:15,1390,4,62: NAMKEEN 100GM (Rs. 15),GRAM,15,5,75
RAJANI,58,28-Nov-2021 18:15,1390,5,2: AALOO (Rs. 20),KG,20,2,40
SUNIL WIREMAN,146,28-Nov-2021 18:24,25,1,37: GUTKHA (Rs. 5),NOS,5,2,10
SUNIL WIREMAN,146,28-Nov-2021 18:24,25,2,57: MASALA KHADA (Rs. 10),PACKET,10,1,10
SUNIL WIREMAN,146,28-Nov-2021 18:24,25,3,102: WAFERS (Rs. 5),PACKET,5,1,5
ANURAG PERSONAL,156,28-Nov-2021 18:26,26,1,37: GUTKHA (Rs. 5),NOS,5,4,20
ANURAG PERSONAL,156,28-Nov-2021 18:26,26,2,98: TOBACCO (Rs. 5),PACKET,5,1,5
ANURAG PERSONAL,156,28-Nov-2021 18:26,26,3,chuna,NOS,1,1,1
DINESH SIDDHARTH,38,28-Nov-2021 18:30,95,1,2: AALOO (Rs. 20),KG,20,1,20
DINESH SIDDHARTH,38,28-Nov-2021 18:30,95,2,79: ONION (Rs. 40),KG,40,1,40
DINESH SIDDHARTH,38,28-Nov-2021 18:30,95,3,47: LAHSUN 250GM (Rs. 35),GRAM,35,1,35
MERAJ,3,28-Nov-2021 18:33,10,1,119: MITHAI (Rs. 5),NOS,5,2,10
AWDHESH RAY,31,28-Nov-2021 18:37,185,1,47: LAHSUN 250GM (Rs. 35),GRAM,35,1,35
AWDHESH RAY,31,28-Nov-2021 18:37,185,2,113: TEJPATTA (Rs. 5),NOS,5,1,5
AWDHESH RAY,31,28-Nov-2021 18:37,185,3,70: OIL HAPPY SARSO 1 LTR (Rs. 135),BOTTLE,135,1,135
AWDHESH RAY,31,28-Nov-2021 18:37,185,4,102: WAFERS (Rs. 5),PACKET,5,1,5
AWDHESH RAY,31,28-Nov-2021 18:37,185,5,119: MITHAI (Rs. 5),NOS,5,1,5
BHIM SIDHARTH,56,28-Nov-2021 18:54,150,1,69: OIL HAPPY MITHA 500 ML (Rs. 70),BOTTLE,70,1,70
BHIM SIDHARTH,56,28-Nov-2021 18:54,150,2,Maida 500gm ,PACKET,30,1,30
BHIM SIDHARTH,56,28-Nov-2021 18:54,150,3,Khir masala,PACKET,45,1,45
BHIM SIDHARTH,56,28-Nov-2021 18:54,150,4,101: VIMAL (Rs. 5),NOS,5,1,5
MADAN YADAV,34,28-Nov-2021 19:6,125,1,Khari 250 gm,PACKET,27,1,27
MADAN YADAV,34,28-Nov-2021 19:6,125,2,Kheer masala,PACKET,10,2,20
MADAN YADAV,34,28-Nov-2021 19:6,125,3,121: PASTE 100GM (Rs. 56),NOS,56,1,56
MADAN YADAV,34,28-Nov-2021 19:6,125,4,SUGAR 250GM,GRAM,12,1,12
MADAN YADAV,34,28-Nov-2021 19:6,125,5,37: GUTKHA (Rs. 5),NOS,5,2,10
RAJESH MANJHI,28,28-Nov-2021 19:9,234,1,109: DETTOL (Rs. 30),NOS,30,1,30
RAJESH MANJHI,28,28-Nov-2021 19:9,234,2,100: VIM SOAP (Rs. 10),NOS,10,1,10
RAJESH MANJHI,28,28-Nov-2021 19:9,234,3,MESH,NOS,15,1,15
RAJESH MANJHI,28,28-Nov-2021 19:9,234,4,39: HALDI 200GM (Rs. 68),KG,68,1,68
RAJESH MANJHI,28,28-Nov-2021 19:9,234,5,29: DHANIYA POWDER 200GM (Rs. 65),KG,65,1,65
RAJESH MANJHI,28,28-Nov-2021 19:9,234,6,122: JEERA 100GM (Rs. 26),GRAM,26,1,26
RAJESH MANJHI,28,28-Nov-2021 19:9,234,7,124: MARICH 10GM (Rs. 10),GRAM,10,2,20
RAJESH MANJHI,28,28-Nov-2021 19:17,10,1,57: MASALA KHADA (Rs. 10),PACKET,10,1,10
PARAS,47,28-Nov-2021 19:18,1085,1,3: AATTA PLASTIC 10KG (Rs. 275),PACKET,275,1,275
PARAS,47,28-Nov-2021 19:18,1085,2,NAMAK,PACKET,10,1,10
PARAS,47,28-Nov-2021 19:18,1085,3,29: DHANIYA POWDER 200GM (Rs. 65),KG,65,1,65
PARAS,47,28-Nov-2021 19:18,1085,4,SURF ,PACKET,10,5,50
PARAS,47,28-Nov-2021 19:18,1085,5,UJALA,BOTTLE,25,1,25
PARAS,47,28-Nov-2021 19:18,1085,6,73: OIL HAPPY SARSO 5LTR (Rs. 660),CAN,660,1,660
ROHIT KALU,22,28-Nov-2021 19:25,20,1,2: AALOO (Rs. 20),KG,20,1,20
MUKESH SHARMA,9,28-Nov-2021 19:25,135,1,70: OIL HAPPY SARSO 1 LTR (Rs. 135),BOTTLE,135,1,135
AKASH,29,28-Nov-2021 19:41,30,1,57: MASALA KHADA (Rs. 10),PACKET,10,1,10
AKASH,29,28-Nov-2021 19:41,30,2,37: GUTKHA (Rs. 5),NOS,5,2,10
AKASH,29,28-Nov-2021 19:41,30,3,16: CHOCOLATE (Rs. 1),NOS,1,10,10
BILAITI,16,28-Nov-2021 19:42,407,1,65: OIL AJAY SARSU 1 LTR (Rs. 210),BOTTLE,210,1,210
BILAITI,16,28-Nov-2021 19:42,407,2,24: DAL TOOR 1KG (Rs. 105),KG,105,1,105
BILAITI,16,28-Nov-2021 19:42,407,3,92: SOAP WASHING (Rs. 10),NOS,10,5,50
BILAITI,16,28-Nov-2021 19:42,407,4,RIN SURF,PACKET,42,1,42
DINESH SIDDHARTH,38,28-Nov-2021 20:1,91,1,COCONUT OIL,BOTTLE,91,1,91
BASANT,64,28-Nov-2021 20:7,11,1,111: CIGGARATE (Rs. 5),NOS,5,1,5
BASANT,64,28-Nov-2021 20:7,11,2,98: TOBACCO (Rs. 5),PACKET,5,1,5
BASANT,64,28-Nov-2021 20:7,11,3,CHUNA,NOS,1,1,1
ALIBHAI,53,28-Nov-2021 20:8,10,1,104: CHIKKI (Rs. 5),NOS,5,2,10
MURHA JI,74,28-Nov-2021 20:11,1676,1,TUAR DAL,KG,100,3,300
MURHA JI,74,28-Nov-2021 20:11,1676,2,HAPPY SARSO OIL,CAN,265,1,265
MURHA JI,74,28-Nov-2021 20:11,1676,3,121: PASTE 100GM (Rs. 56),NOS,56,1,56
MURHA JI,74,28-Nov-2021 20:11,1676,4,96: SURF WHEEL 500 GM (Rs. 25),PACKET,25,1,25
MURHA JI,74,28-Nov-2021 20:11,1676,5,DHARA POWDER,PACKET,20,1,20
MURHA JI,74,28-Nov-2021 20:11,1676,6,34: GLORY SOAP (Rs. 25),NOS,25,4,100
MURHA JI,74,28-Nov-2021 20:11,1676,7,RICE SHIVLING 25 KG,PACKET,870,1,870
MURHA JI,74,28-Nov-2021 20:11,1676,8,90: RIN SOAP (Rs. 10),NOS,10,4,40
ALIBHAI,53,28-Nov-2021 20:18,10,1,51: MAACHIS (Rs. 10),PACKET,10,1,10
MURHA JI,74,28-Nov-2021 20:18,25,1,BRUSH,NOS,20,1,20
MURHA JI,74,28-Nov-2021 20:18,25,2,JEEBHA,NOS,5,1,5
SANOJ,5,28-Nov-2021 20:21,45,1,91: SHAMPOO (Rs. 1),PACKET,1,20,20
SANOJ,5,28-Nov-2021 20:21,45,2,34: GLORY SOAP (Rs. 25),NOS,25,1,25
VIJAY,50,28-Nov-2021 20:26,237,1,29: DHANIYA POWDER 200GM (Rs. 65),KG,65,1,65
VIJAY,50,28-Nov-2021 20:26,237,2,54: MASALA EVEREST CHICKEN 8 GM (Rs. 5),KG,5,10,50
VIJAY,50,28-Nov-2021 20:26,237,3,91: SHAMPOO (Rs. 1),PACKET,1,20,20
VIJAY,50,28-Nov-2021 20:26,237,4,122: JEERA 100GM (Rs. 26),GRAM,26,2,52
VIJAY,50,28-Nov-2021 20:26,237,5,124: MARICH 10GM (Rs. 10),GRAM,10,5,50
GUDDU MAHTO,19,28-Nov-2021 20:52,40.00,1,79: ONION (Rs. 40),KG,40,1,40.00
SURESH MAHATO,8,28-Nov-2021 20:53,44.00,1,JEERA 25GM,GRAM,7,1,7.00
SURESH MAHATO,8,28-Nov-2021 20:53,44.00,2,124: MARICH 10GM (Rs. 10),GRAM,10,3,30.00
SURESH MAHATO,8,28-Nov-2021 20:53,44.00,3,SARSO 50GM,GRAM,7,1,7.00
SURESH MAHATO,8,28-Nov-2021 21:2,10.00,1,119: MITHAI (Rs. 5),NOS,5,2,10.00
RAJESH MANJHI,28,28-Nov-2021 21:2,35.00,1,BIDI,PACKET,25,1,25.00
RAJESH MANJHI,28,28-Nov-2021 21:2,35.00,2,119: MITHAI (Rs. 5),NOS,5,2,10.00
PRAKASH,70,28-Nov-2021 21:3,10.00,1,17: CIGGARATE (Rs. 10),NOS,10,1,10.00
DILIP ANIL,75,23-Nov-2021 21:3,137.00,1,PAST DUE,NOS,92,1,92.00
DILIP ANIL,75,23-Nov-2021 21:3,137.00,2,33: EGG (Rs. 7),NOS,7,2,14.00
DILIP ANIL,75,23-Nov-2021 21:3,137.00,3,33: EGG (Rs. 7),NOS,7,3,21.00
DILIP ANIL,75,23-Nov-2021 21:3,137.00,4,54: MASALA EVEREST CHICKEN 8 GM (Rs. 5),KG,5,2,10.00
DILIP ANIL,75,24-Nov-2021 21:6,19.00,1,33: EGG (Rs. 7),NOS,7,2,14.00
DILIP ANIL,75,24-Nov-2021 21:6,19.00,2,BIDI,NOS,1,5,5.00
DILIP ANIL,75,25-Nov-2021 21:7,40.00,1,33: EGG (Rs. 7),NOS,7,2,14.00
DILIP ANIL,75,25-Nov-2021 21:7,40.00,2,33: EGG (Rs. 7),NOS,7,3,21.00
DILIP ANIL,75,25-Nov-2021 21:7,40.00,3,BIDI,NOS,1,5,5.00
DILIP ANIL,75,26-Nov-2021 21:7,170.00,1,70: OIL HAPPY SARSO 1 LTR (Rs. 135),BOTTLE,135,1,135.00
DILIP ANIL,75,26-Nov-2021 21:7,170.00,2,91: SHAMPOO (Rs. 1),PACKET,1,10,10.00
DILIP ANIL,75,26-Nov-2021 21:7,170.00,3,BIDI PACKET,PACKET,25,1,25.00
DILIP ANIL,75,28-Nov-2021 21:8,216.00,1,4: AATTA PLASTIC 5KG (Rs. 140),PACKET,140,1,140.00
DILIP ANIL,75,28-Nov-2021 21:8,216.00,2,88: RICE TIGER (Rs. 33),KG,33,2,66.00
DILIP ANIL,75,28-Nov-2021 21:8,216.00,3,54: MASALA EVEREST CHICKEN 8 GM (Rs. 5),KG,5,2,10.00
ROHIT DEV PERSONAL,157,28-Nov-2021 21:9,6.00,1,116: CIGGARATE (Rs. 6),NOS,6,1,6.00
MOHIT,54,28-Nov-2021 21:9,20.00,1,37: GUTKHA (Rs. 5),NOS,5,4,20.00
CHANCHAL,159,28-Nov-2021 21:38,21.00,1,17: CIGGARATE (Rs. 10),NOS,10,1,10.00
CHANCHAL,159,28-Nov-2021 21:38,21.00,2,101: VIMAL (Rs. 5),NOS,5,2,10.00
CHANCHAL,159,28-Nov-2021 21:38,21.00,3,CHUNA,NOS,1,1,1.00
MERAJ,3,28-Nov-2021 21:42,76.00,1,94: SOYABEAN (Rs. 15),PACKET,15,2,30.00
MERAJ,3,28-Nov-2021 21:42,76.00,2,2: AALOO (Rs. 20),KG,20,2,40.00
MERAJ,3,28-Nov-2021 21:42,76.00,3,16: CHOCOLATE (Rs. 1),NOS,1,6,6.00
JITENDRA,150,29-Nov-2021 8:38,20.00,1,101: VIMAL (Rs. 5),NOS,5,4,20.00
DHRUP,1,29-Nov-2021 8:55,60.00,1,TOST,PACKET,42,1,42.00
DHRUP,1,29-Nov-2021 8:55,60.00,2,5: ACID (Rs. 18),BOTTLE,18,1,18.00
ABHAYRAJ,59,29-Nov-2021 10:20,398.00,1,99: TUAR DAL (Rs. 105),KG,105,2,210.00
ABHAYRAJ,59,29-Nov-2021 10:20,398.00,2,92: SOAP WASHING (Rs. 10),NOS,10,4,40.00
ABHAYRAJ,59,29-Nov-2021 10:20,398.00,3,103: MAGGIE (Rs. 10),PACKET,10,2,20.00
ABHAYRAJ,59,29-Nov-2021 10:20,398.00,4,9: BISCUITS (Rs. 5),PACKET,5,6,30.00
ABHAYRAJ,59,29-Nov-2021 10:20,398.00,5,38: HALDI 100GM (Rs. 35),KG,35,1,35.00
ABHAYRAJ,59,29-Nov-2021 10:20,398.00,6,CHANA DESI 500GM,GRAM,35,1,35.00
ABHAYRAJ,59,29-Nov-2021 10:20,398.00,7,KHARI,PACKET,28,1,28.00
RAJESH MANJHI,28,29-Nov-2021 10:23,138.00,1,32: DOVE SHAMPOO (Rs. 5),PACKET,5,1,5.00
RAJESH MANJHI,28,29-Nov-2021 10:23,138.00,2,BAJAJ TEL,BOTTLE,133,1,133.00
RAMDHARI,33,29-Nov-2021 10:25,135.00,1,70: OIL HAPPY SARSO 1 LTR (Rs. 135),BOTTLE,135,1,135.00
SARVAN SUNIL,13,29-Nov-2021 10:26,20.00,1,AGARBATTI,PACKET,20,1,20.00
PRAKASH,70,29-Nov-2021 10:27,10.00,1,102: WAFERS (Rs. 5),PACKET,5,2,10.00
AWDHESH RAY,31,29-Nov-2021 10:27,20.00,1,TOAST,PACKET,10,1,10.00
AWDHESH RAY,31,29-Nov-2021 10:27,20.00,2,CHAI PATTI,PACKET,10,1,10.00
MERAJ,3,29-Nov-2021 10:28,20.00,1,101: VIMAL (Rs. 5),NOS,5,2,10.00
MERAJ,3,29-Nov-2021 10:28,20.00,2,TOAST,PACKET,10,1,10.00
DHRUP,1,29-Nov-2021 10:32,60.00,1,TOST,PACKET,42,1,42.00
DHRUP,1,29-Nov-2021 10:32,60.00,2,5: ACID (Rs. 18),BOTTLE,18,1,18.00
MUKESH SHARMA,9,29-Nov-2021 10:34,61.00,1,33: EGG (Rs. 7),NOS,7,3,21.00
MUKESH SHARMA,9,29-Nov-2021 10:34,61.00,2,79: ONION (Rs. 40),KG,40,1,40.00
EKLAL,76,29-Nov-2021 10:37,60.00,1,PAST DUE,NOS,60,1,60.00
BINDRA,77,29-Nov-2021 10:38,113.00,1,34: GLORY SOAP (Rs. 25),NOS,25,1,25.00
BINDRA,77,29-Nov-2021 10:38,113.00,2,92: SOAP WASHING (Rs. 10),NOS,10,1,10.00
BINDRA,77,29-Nov-2021 10:38,113.00,3,SURF 10RS,PACKET,10,1,10.00
BINDRA,77,29-Nov-2021 10:38,113.00,4,125: PASTE 50GM (Rs. 20),GRAM,20,1,20.00
BINDRA,77,29-Nov-2021 10:38,113.00,5,OIL JASMINE,BOTTLE,48,1,48.00
PRAKASH,70,29-Nov-2021 12:44,10.00,1,17: CIGGARATE (Rs. 10),NOS,10,1,10.00
PINTU,160,29-Nov-2021 12:46,11.00,1,116: CIGGARATE (Rs. 6),NOS,6,1,6.00
PINTU,160,29-Nov-2021 12:46,11.00,2,37: GUTKHA (Rs. 5),NOS,5,1,5.00
PANKAJ MANOJ,21,29-Nov-2021 12:49,10.00,1,60: MOMBATTI (Rs. 10),NOS,10,1,10.00
MADAN YADAV PERSONAL,154,29-Nov-2021 13:5,20.00,1,37: GUTKHA (Rs. 5),NOS,5,2,10.00
MADAN YADAV PERSONAL,154,29-Nov-2021 13:5,20.00,2,110: MAWA (Rs. 10),NOS,10,1,10.00
RAMESH PANDIT,55,29-Nov-2021 13:6,25.00,1,96: SURF WHEEL 500 GM (Rs. 25),PACKET,25,1,25.00
GOPAL,32,29-Nov-2021 19:5,1504.00,1,24: DAL TOOR 1KG (Rs. 105),KG,105,3,315.00
GOPAL,32,29-Nov-2021 19:5,1504.00,2,3: AATTA PLASTIC 10KG (Rs. 275),PACKET,275,1,275.00
GOPAL,32,29-Nov-2021 19:5,1504.00,3,92: SOAP WASHING (Rs. 10),NOS,10,5,50.00
GOPAL,32,29-Nov-2021 19:5,1504.00,4,87: RICE SHIVLING (Rs. 36),KG,36,24,864.00
SATENDER,26,29-Nov-2021 19:10,135.00,1,70: OIL HAPPY SARSO 1 LTR (Rs. 135),BOTTLE,135,1,135.00
SARVAN SUNIL,13,29-Nov-2021 20:14,42.00,1,33: EGG (Rs. 7),NOS,7,6,42.00
AWDHESH RAY,31,29-Nov-2021 20:14,30.00,1,2: AALOO (Rs. 20),KG,20,1,20.00
AWDHESH RAY,31,29-Nov-2021 20:14,30.00,2,60: MOMBATTI (Rs. 10),NOS,10,1,10.00
PINTU,160,29-Nov-2021 20:34,16.00,1,119: MITHAI (Rs. 5),NOS,5,2,10.00
PINTU,160,29-Nov-2021 20:34,16.00,2,116: CIGGARATE (Rs. 6),NOS,6,1,6.00
ALIBHAI,53,29-Nov-2021 20:40,20.00,1,Surf,PACKET,10,1,10.00
ALIBHAI,53,29-Nov-2021 20:40,20.00,2,92: SOAP WASHING (Rs. 10),NOS,10,1,10.00
PRAKASH,70,29-Nov-2021 20:52,16.00,1,17: CIGGARATE (Rs. 10),NOS,10,1,10.00
PRAKASH,70,29-Nov-2021 20:52,16.00,2,116: CIGGARATE (Rs. 6),NOS,6,1,6.00
CHANCHAL,159,29-Nov-2021 20:53,20.00,1,17: CIGGARATE (Rs. 10),NOS,10,1,10.00
CHANCHAL,159,29-Nov-2021 20:53,20.00,2,37: GUTKHA (Rs. 5),NOS,5,2,10.00
PRABHU,27,29-Nov-2021 20:55,96.00,1,87: RICE SHIVLING (Rs. 36),KG,36,2,72.00
PRABHU,27,29-Nov-2021 20:55,96.00,2,SURF 10RS,PACKET,10,1,10.00
PRABHU,27,29-Nov-2021 20:55,96.00,3,33: EGG (Rs. 7),NOS,7,2,14.00
MERAJ,3,29-Nov-2021 20:59,15.00,1,102: WAFERS (Rs. 5),PACKET,5,1,5.00
MERAJ,3,29-Nov-2021 20:59,15.00,2,119: MITHAI (Rs. 5),NOS,5,2,10.00
BASANT,64,29-Nov-2021 21:0,5.00,1,101: VIMAL (Rs. 5),NOS,5,1,5.00
NIRANJAN SAH,46,29-Nov-2021 21:2,22.00,1,SUGAR 250GM,GRAM,12,1,12.00
NIRANJAN SAH,46,29-Nov-2021 21:2,22.00,2,MESH,NOS,10,1,10.00
JANAK,57,29-Nov-2021 21:5,28.00,1,33: EGG (Rs. 7),NOS,7,4,28.00
RAMESH YADAV,51,29-Nov-2021 21:6,12.00,1,33: EGG (Rs. 7),NOS,7,1,7.00
RAMESH YADAV,51,29-Nov-2021 21:6,12.00,2,9: BISCUITS (Rs. 5),PACKET,5,1,5.00
RAJESH MANJHI,28,29-Nov-2021 21:7,210.00,1,EGG CARET,NOS,180,1,180.00
RAJESH MANJHI,28,29-Nov-2021 21:7,210.00,2,GHADI SURF,PACKET,30,1,30.00
ANURAG PERSONAL,156,29-Nov-2021 21:8,20.00,1,37: GUTKHA (Rs. 5),NOS,5,4,20.00
LALIT,4,29-Nov-2021 21:24,170.00,1,2: AALOO (Rs. 20),KG,20,2,40.00
LALIT,4,29-Nov-2021 21:24,170.00,2,Jshmin tel 200 ml,BOTTLE,85,1,85.00
LALIT,4,29-Nov-2021 21:24,170.00,3,Chaku ,NOS,25,1,25.00
LALIT,4,29-Nov-2021 21:24,170.00,4,Chhilani,NOS,20,1,20.00
ROHIT KALU,22,29-Nov-2021 21:27,135.00,1,70: OIL HAPPY SARSO 1 LTR (Rs. 135),BOTTLE,135,1,135.00
SANDIP MAJHI,71,29-Nov-2021 21:28,10.00,1,37: GUTKHA (Rs. 5),NOS,5,2,10.00
PRAKASH,70,29-Nov-2021 21:29,6.00,1,116: CIGGARATE (Rs. 6),NOS,6,1,6.00
RAJU,49,29-Nov-2021 21:31,115.00,1,24: DAL TOOR 1KG (Rs. 105),KG,105,1,105.00
RAJU,49,29-Nov-2021 21:31,115.00,2,Dal masur 100 gm,GRAM,10,1,10.00
RAMDHARI,33,29-Nov-2021 21:35,68.00,1,59: MASALA RAJESH MEAT (Rs. 5),KG,5,4,20.00
RAMDHARI,33,29-Nov-2021 21:35,68.00,2,Jasmin 100 ml,BOTTLE,48,1,48.00
BIKASH (SABJI),42,29-Nov-2021 21:37,275.00,1,4: AATTA PLASTIC 5KG (Rs. 140),PACKET,140,1,140.00
BIKASH (SABJI),42,29-Nov-2021 21:37,275.00,2,70: OIL HAPPY SARSO 1 LTR (Rs. 135),BOTTLE,135,1,135.00
SANTOSH PASWAN,65,29-Nov-2021 21:40,20.00,1,37: GUTKHA (Rs. 5),NOS,5,1,5.00
SANTOSH PASWAN,65,29-Nov-2021 21:40,20.00,2,57: MASALA KHADA (Rs. 10),PACKET,10,1,10.00
SANTOSH PASWAN,65,29-Nov-2021 21:40,20.00,3,Elaichi,NOS,5,1,5.00
DHRUP,1,29-Nov-2021 21:43,5.00,1,119: MITHAI (Rs. 5),NOS,5,1,5.00
AKASH,29,29-Nov-2021 21:44,10.00,1,Chai,PACKET,10,1,10.00
VIJAY,50,29-Nov-2021 21:47,515.00,1,2: AALOO (Rs. 20),KG,20,25,500.00
VIJAY,50,29-Nov-2021 21:47,515.00,2,Sarsoo 100 gm,GRAM,15,1,15.00
