Customer Name,Customer Code,Phone No
ABHAYRAJ,59,
ABHIJIT PANDEY,15,
AKASH,29,
ALIBHAI,53,
ALIM BHAI,152,
ANURAG,48,
ANURAG PERSONAL,156,
ARJUN,40,
ASHOK,39,
AVINASH PERSONAL,165,
AWDHESH RAY,31,
BAHADUR BHAI,60,
BASANT,64,
BHIM SIDHARTH,56,
BIKASH (SABJI),42,
BILAITI,16,
BITTU,68,
CASH,20,
CHANCHAL,159,
DHARMENDRA,147,
DHRUP,1,
DILIP,145,
DINESH CHANDRA,12,
DINESH SIDDHARTH,38,
GOPAL,32,
GUDDU MAHTO,19,
GUDDU RAM,155,
JANAK,57,
JITENDRA,150,
KAMLESH PAPPU,24,
KAMLESH SAH,2,7041532586
KARINA SAH,44,
LALIT,4,
MADAN YADAV,34,
MADAN YADAV PERSONAL,154,
MAHENDER BHAI,6,
MANOJ PRASAD,153,
MANTU S MAHATO,66,
MERAJ,3,7857965637
MOHIT,54,
MUKESH SAH,25,
MUKESH SHARMA,9,
MULAYAM,43,
NAGENDRA,52,
NIRANJAN,144,
NIRANJAN SAH,46,
OMPRAKASH,151,
PANKAJ MANOJ,21,
PANKAJ SIDDHARTH,61,
PAPPU YADAV,35,
PARAS,47,
PINTU,160,
PRABHU,27,
RADHE SHYAM,30,
RAJANI,58,
RAJESH MANJHI,28,
RAJKUMAR BILAITI,136,
RAJU,49,
RAMDHARI,33,
RAMESH PANDIT,55,
RAMESH PANDIT PERSONAL,164,
RAMESH YADAV,51,
RAMNATH,10,
RAMSEVAK,37,
RANJIT ANIL,7,
RANJIT ANIL PERSONAL,161,
RANJIT DEV,163,
ROHIT DEV,62,
ROHIT DEV PERSONAL,157,
ROHIT KALU,22,
SARVAN SUNIL,13,
SANOJ,5,
SANTOSH,17,
SANTOSH PASWAN,65,
SANTOSH YADAV,67,
SATENDER,26,
SERAJUL,45,
SHAKTI,11,
SUDHARSHAN,14,
SUJIT KUMAR,69,
SUKHENDRA,18,
SUNIL MAHATO,149,
SUNIL RAM,148,
SUNIL WIREMAN,146,
SURESH MAHATO,8,
SURESH RAMESH,23,
VIJAY,50,
VINAY KUMAR,41,
VINOD MASTER,36,
PRAKASH,70,
SANDIP MAJHI,71,
VICKY,72,
MITESH,73,
MURHA JI,74,8511223483
DILIP ANIL,75,
EKLAL,76,
BINDRA,77,
RAJU PERSONAL,166,
CHANDAN,168,
MANTU SANOJ,169,
BILAITI,170,9724552514
RAJKUMAR,136,9173437026
RAVI MANZI,171,
Sunder Chawdhary,172,9586350199
Arvind master,173,
Sonu pal,174,6263063188
Chhotu vikas,175,
Ajay,176,
Basir,177,8873404821
Pandit ji,178,
Ranjit mahto,179,
Devendra solar,180,
Sharma yadav,181,
Alok Manzi,182,
Kamlesh yadav,183,
Sachin,184,
Vijay personal,185,
Kundan,186,
Mukesh Mahto,187,
RAJU GUPTA,188,
Vishnu Sidharth,189,1111111111
Ajay Prajapati,190,1111111111
Dharamdeo,191,1111111111
Dilip Sidharth,192,1111111111
MUKESH SIDHARTH,193,1111111111
Ranjit poddar,194,8511320127
Rajkishor Sidhatth,195,1111111111
SANDIP DAS,196,8128944280
VIJAY 108,197,9662744373
BasantlalShah,198,1111111111
IRSAD,199,6354099203
RAJA CHANDAN,200,1111111111
RAJAN KHTRI ,201,1111111111
VIKASH CHAUBE,202,7602966083
PRADEEP,203,
RAJEEV,204,
BHAGWANJI,205,
SANJAY PRAJAPATI,206,
DAS SANDEEP,207,
MONU YADAV ,208,
Ramjash,209,
SARVESH SING,210,
KALAMUDDIN          ,211,
NASIM ANSARI,212,
