SlNo,ItemName,UOM,UnitPriceRTL
1,0,0,0.0
2,AALOO,KG,30.0
3,AATTA PLASTIC 10KG,PACKET,335.0
4,AATTA PLASTIC 5KG,PACKET,170.0
5,ACID,BOTTLE,18.0
6,AGARBATTI,PACKET,70.0
8,BESAN 250GM,GRAM,25.0
9,BISCUITS,PACKET,5.0
10,CAKE,NOS,5.0
11,CHEWING GUM,NOS,1.0
12,CHHOLE CHANA,KG,100.0
13,CHILLI POWDER 100GM,KG,35.0
14,CHILLI POWDER 200GM,KG,65.0
15,CHILLI POWDER 50GM,KG,18.0
16,CHOCOLATE,NOS,1.0
17,CIGGARATE,NOS,10.0
18,COFFEE,PACKET,50.0
19,DABUR PASTE,NOS,65.0
21,DAL CHANA,KG,85.0
22,DAL MOONG 1KG,KG,95.0
23,DAL MOONG 500GM,KG,50.0
24,DAL TOOR 1KG,KG,105.0
25,DAL TOOR 500GM,GRAM,55.0
26,DAL URAD 1KG,KG,105.0
27,DAL URAD 500GM,KG,55.0
28,DHANIYA POWDER 100GM,KG,32.0
29,DHANIYA POWDER 200GM,KG,60.0
30,DHANIYA POWDER 50GM,KG,18.0
31,DOVE SHAMPOO,PACKET,2.0
32,DOVE SHAMPOO,PACKET,5.0
33,EGG,NOS,7.0
34,GLORY SOAP,NOS,35.0
35,GOOD NIGHT,PACKET,36.0
36,GUD,KG,50.0
37,GUTKHA,NOS,6.0
38,HALDI 100GM,KG,32.0
39,HALDI 200GM,KG,62.0
40,HALDI 50GM,KG,18.0
41,ELAICHI,PACKET,6.0
42,JASMIN OIL 200,BOTTLE,95.0
44,LAAL MIRCH 100GM,GRAM,30.0
45,LACHIDANA,GRAM,12.0
46,LAHSUN 250GM,GRAM,25.0
47,LIGHTER,NOS,55.0
48,LOLLIPOP,NOS,5.0
49,MACHIS,BOX,2.0
50,MACHIS,PACKET,12.0
51,MASALA BADSHAH GARAM 50 GM,KG,43.0
52,MASALA EVEREST CHICKEN 50 GM,KG,39.0
53,MASALA EVEREST CHICKEN 8 GM,KG,5.0
54,MASALA EVEREST GARAM 50 GM,KG,42.0
55,MASALA JALARAM 100 GM,KG,45.0
56,MASALA KHADA,PACKET,12.0
57,MASALA LOTUS 100 GM,KG,63.0
58,MASALA RAJESH MEAT,KG,5.0
59,MOMBATTI,NOS,10.0
60,NAANKHATAI,NOS,5.0
61,NAMKEEN 100GM,GRAM,15.0
62,OIL AJAY SARSO 2 LTR,CAN,390.0
63,OIL AJAY SARSO 5 LTR,CAN,960.0
64,OIL AJAY SARSO1 LTR,BOTTLE,210.0
65,OIL HAPPY MITHA 1 LTR,BOTTLE,140.0
66,OIL HAPPY MITHA 2 LTR,CAN,290.0
67,OIL HAPPY MITHA 5 LTR,CAN,685.0
68,OIL HAPPY MITHA 500 ML,BOTTLE,70.0
69,OIL HAPPY SARSO 1 LTR,BOTTLE,137.0
70,OIL HAPPY SARSO 2 LTR,CAN,290.0
71,OIL HAPPY SARSO 500 ML,BOTTLE,70.0
73,OIL POUCH,NOS,1.0
74,OIL TEJ SARSO 1 LTR,BOTTLE,235.0
75,OIL TEJ SARSO 2 LTR,CAN,450.0
76,OIL TEJ SARSO 5 LTR,CAN,1050.0
77,OIL TEJ SARSO 500 ML,BOTTLE,130.0
78,ONION,KG,25.0
79,PANEER MASALA,PACKET,40.0
80,PARLE G,PACKET,5.0
81,PLASTIC JUG,NOS,70.0
82,RICE BASMATI,KG,36.0
83,RICE BASMATI DAWAT,KG,65.0
84,RICE KISAN COLUM,KG,43.0
85,RICE MASURI,KG,30.0
86,RICE SHIVLING,KG,38.0
87,RICE TIGER,KG,34.0
88,RICE TIGER 25 KG,PACKET,850
89,RIN SOAP,NOS,10.0
90,SHAMPOO,PACKET,1.0
91,SOAP WASHING,NOS,10.0
92,SOYABEAN,PACKET,10.0
93,SOYABEAN,PACKET,18.0
94,SOYABEAN SAMOR,PACKET,50.0
95,SURF WHEEL 500 GM,PACKET,33.0
96,TEL POUCH,PACKET,1.0
97,TOBACCO,PACKET,5.0
99,VIM SOAP,NOS,11.0
100,VIMAL,NOS,11.0
101,WAFERS,PACKET,11.0
102,MAGGIE,PACKET,12.0
103,CHIKKI,NOS,5.0
104,SING BHUJIYA,KG,135.0
105,SUJI RAVA 500 GM,PACKET,35.0
106,POWDER PONDS,BOTTLE,10.0
107,CHOCOLATE COCONUT PACKET,PACKET,160.0
108,DETTOL,NOS,40.0
109,MAWA,NOS,11.0
110,CIGGARATE,NOS,5.0
111,CHHOLE CHANA 250 GM,GRAM,26.0
112,TEJPATTA,NOS,5.0
113,FAIR&LOVLY,NOS,58.0
114,SABUN,NOS,10.0
115,CIGGARATE,NOS,7.0
116,GUD 100 GM,GRAM,5.0
117,LAVANG PACKET,PACKET,6.0
118,MITHAI,NOS,5.0
119,PASTE 200GM,KG,105.0
120,PASTE 100GM,NOS,64.0
121,JEERA 100GM,GRAM,36.0
122,JEERA 50GM,GRAM,18.0
123,MARICH 10GM,GRAM,10.0
124,PASTE 50GM,GRAM,20.0
125,SUGAR 500GM,GRAM,22.0
126,MESH,NOS,15.0
127,MESH,NOS,12.0
128,MESH,NOS,5.0
129,SUGAR 1KG,KG,43.0
130,DHARA POWDER,KG,22.0
131,BADAM 500 GM,GRAM,360.0
132,KISHMIS 100,GRAM,28.0
133,CHOCOLATE,NOS,5.0
134,AGARBATTI,PACKET,25.0
135,SURF 80 GM,PACKET,10.0
136,BLEDE LESER 10,PACKET,25.0
137,SINGBHUJIYA 100 GM,GRAM,16.0
139,HAPPY SARSO 5LTR,LITRE,685.0
140,SURF 500,GRAM,72.0
141,SALT HERA,PACKET,12.0
142,BESAN 500GM,GRAM,55.0
143,BESAN 200GM,GRAM,30.0
144,SUGAR 250GM,GRAM,11.0
146,FORTUNE SARSO 1LTR,LITRE,215.0
147,SURF WHEEL 1KG,PACKET,65.0
148,TaTa Salt,PACKET,23.0
149,Tata salt,PACKET,25.0
150,Sprait250,BOTTLE,21.0
151,Sprait750,BOTTLE,42.0
152,JeeraSoda200,BOTTLE,12.0
153,Desi Chana 500,GRAM,35.0
154,Singdana100,GRAM,13.0
155,Sarso,GRAM,15.0
156,Sarso yellow50,GRAM,10.0
157,JASMIN 100,BOTTLE,50.0
158,PearsShop,PACKET,27.0
159,DoveShop,PACKET,27.0
160,Colgate100,PACKET,64.0
161,COLG ATE 200,PACKET,104.0
162,Closeup100,PACKET,60.0
163,CLOSEUP 200,PACKET,103.0
164,FAIR&amp;amp;amp;LOVLY,GRAM,125.0
165,TOST250,PACKET,28.0
166,TOST500,PACKET,58.0
167,TOST100,PACKET,12.0
168,KHIRMSHALAA,PACKET,12.0
169,BAIL KOLHU 1LTR,BOTTLE,210.0
170,AGARBATTI,PACKET,65.0
171,GUTKA,NOS,11.0
172,BILKOLHU 2Ltr,BOTTLE,405.0
173,BAIL COLHU5LTR,BOTTLE,1030.0
174,CHHAS 500,PACKET,18.0
175,LASSI,PACKET,12.0
176,JERASAR RICE,KG,38.0
177,NYCIL POWDER,NOS,130.0
178,FORTUNE SHOP70g,NOS,12.0
179,SEWAI,PACKET,15.0
180,MAGGIE,PACKET,10.0
181,SPRAIT 1.25LTR,BOTTLE,67.0
182,KDAK SODA,BOTTLE,12.0
183,FROOTY,PACKET,11.0
184,SOYA 100gm,GRAM,20.0
