Customer Name,Customer Code,Date,Amount Paid,Received By
ASHOK,39,2021-05-08 21:11:00,4000.0,KRISHNA STORE
RAJANI,58,2021-11-25 17:28:00,400.0,KRISHNA STORE
SURESH RAMESH,23,2021-11-03 17:28:00,2000.0,KRISHNA STORE
ABHIJIT PANDEY,15,2021-12-03 18:13:00,538.0,Krishna Store
PINTU,160,2021-12-11 23:38:00,500.0,Krishna Store
DILIP ANIL,75,2021-12-12 12:27:00,500.0,Krishna Store
DILIP ANIL,75,2021-12-13 12:47:00,200.0,Krishna Store
VICKY,72,2021-12-13 18:23:00,145.0,Krishna Store
NIRANJAN,144,2021-12-14 16:26:00,120.0,Krishna Store
RAMESH PANDIT,55,2021-12-16 08:18:00,4000.0,Krishna Store
SUNIL RAM,148,2021-12-15 09:35:00,500.0,Krishna Store
RAVI MANZI,171,2021-12-17 23:14:00,350.0,Krishna Store
VINOD MASTER,36,2021-12-17 23:16:00,1700.0,Krishna Store
ANURAG PERSONAL,156,2021-12-16 23:29:00,551.0,Krishna Store
SANTOSH YADAV,67,2021-12-18 19:15:00,500.0,Krishna Store
PANKAJ MANOJ,21,2021-12-21 23:31:00,4077.0,Krishna Store
ROHIT KALU,22,2021-12-23 20:53:00,4000.0,Krishna Store
BASANT,64,2021-12-24 21:44:00,500.0,Krishna Store
RAMESH PANDIT,55,2021-12-27 20:58:00,1000.0,Krishna Store
SURESH RAMESH,23,2021-12-19 11:29:00,3000.0,Krishna Store
RAVI MANZI,171,2021-12-28 18:15:00,460.0,Krishna Store
PARAS,47,2021-12-15 09:51:00,8165.0,Krishna Store
VINOD MASTER,36,2022-01-08 19:06:00,2500.0,Krishna Store
SARVAN SUNIL,13,2021-11-06 20:35:00,3500.0,Krishna Store
SARVAN SUNIL,13,2021-12-10 20:37:00,1876.0,Krishna Store
RAVI MANZI,171,2022-01-13 13:34:00,200.0,Krishna Store
NIRANJAN,144,2022-01-13 18:39:00,140.0,Krishna Store
DILIP ANIL,75,2022-01-14 23:57:00,425.0,Krishna Store
MUKESH SHARMA,9,2022-01-10 09:49:00,10321.0,Krishna Store
SARVAN SUNIL,13,2022-01-15 13:12:00,4000.0,Krishna Store
ANURAG PERSONAL,156,2022-01-15 18:02:00,265.0,Krishna Store
PARAS,47,2022-01-16 23:35:00,8470.0,Krishna Store
AWDHESH RAY,31,2021-12-31 20:40:00,4000.0,Krishna Store
AWDHESH RAY,31,2021-12-06 20:44:00,5000.0,Krishna Store
BASANT,64,2022-01-18 20:43:00,500.0,Krishna Store
RAMESH YADAV,51,2021-12-16 17:38:00,4000.0,Krishna Store
Sachin,184,2022-01-26 23:51:00,1000.0,Krishna Store
PANKAJ MANOJ,21,2022-01-28 23:51:00,670.0,Krishna Store
RAVI MANZI,171,2022-01-27 23:48:00,100.0,Krishna Store
RAMESH PANDIT,55,2022-01-13 17:29:00,2500.0,Krishna Store
RAVI MANZI,171,2022-02-12 18:11:00,500.0,Krishna Store
NIRANJAN,144,2022-02-13 19:05:00,100.0,Krishna Store
MERAJ: 7857965637,3,2022-02-13 20:52:00,7000.0,Krishna Store
RAMESH YADAV,51,2022-02-12 21:08:00,5000.0,Krishna Store
MERAJ: 7857965637,3,2022-01-22 23:12:00,6000.0,Krishna Store
AWDHESH RAY,31,2022-02-15 17:55:00,5000.0,Krishna Store
Arvind master,173,2022-02-14 23:14:00,2000.0,Krishna Store
BASANT,64,2022-02-15 23:33:00,900.0,Krishna Store
VINOD MASTER,36,2022-02-16 19:54:00,1000.0,Krishna Store
PARAS,47,2022-02-21 09:08:00,8907.0,Krishna Store
SANTOSH,17,2022-02-25 22:03:00,2680.0,Krishna Store
GUDDU RAM,155,2022-02-26 20:38:00,500.0,Krishna Store
NIRANJAN,144,2022-03-01 21:08:00,100.0,Krishna Store
VICKY,72,2022-03-08 17:24:00,473.0,Krishna Store
RAMESH PANDIT,55,2022-03-11 19:18:00,960.0,Krishna Store
SUNIL RAM,148,2022-03-13 21:50:00,569.0,Krishna Store
Arvind master,173,2022-03-15 19:19:00,2000.0,Krishna Store
RAMESH YADAV,51,2022-03-15 23:39:00,4000.0,Krishna Store
MANTU SANOJ,169,2022-03-16 21:27:00,363.0,Krishna Store
SANTOSH,17,2022-03-22 09:40:00,3000.0,Krishna Store
Dharamdeo: 1111111111,191,2022-03-23 17:00:00,1510.0,Krishna Store
AWDHESH RAY,31,2022-03-24 19:54:00,5000.0,Krishna Store
SARVAN SUNIL,13,2022-03-17 20:58:00,2900.0,Krishna Store
Sharma yadav,181,2022-03-26 22:09:00,3000.0,Krishna Store
PANKAJ MANOJ,21,2022-01-28 23:05:00,670.0,Krishna Store
ROHIT KALU,22,2022-03-25 23:13:00,8000.0,Krishna Store
RAVI MANZI,171,2022-03-30 21:00:00,1000.0,Krishna Store
BASANT,64,2022-03-26 21:31:00,200.0,Krishna Store
MANTU SANOJ,169,2022-04-02 17:43:00,192.0,Krishna Store
KARINA SAH,44,2022-04-03 23:51:00,1900.0,Krishna Store
PANKAJ MANOJ,21,2022-02-09 13:49:00,3595.0,Krishna Store
PANKAJ MANOJ,21,2022-03-03 13:51:00,1210.0,Krishna Store
PANKAJ MANOJ,21,2022-04-05 21:36:00,1770.0,Krishna Store
PANKAJ MANOJ,21,2022-04-05 23:56:00,1770.0,Krishna Store
PARAS,47,2022-03-19 20:00:00,9500.0,Krishna Store
NIRANJAN,144,2022-04-10 20:04:00,200.0,Krishna Store
AWDHESH RAY,31,2022-04-12 20:58:00,4000.0,Krishna Store
DILIP ANIL,75,2022-04-14 14:54:00,2000.0,Krishna Store
DILIP ANIL,75,2022-04-14 14:55:00,500.0,Krishna Store
BASANT,64,2022-04-14 08:39:00,500.0,Krishna Store
ROHIT KALU,22,2022-04-17 23:57:00,5000.0,Krishna Store
MERAJ: 7857965637,3,2022-05-16 10:18:00,3000.0,Krishna Store
PARAS,47,2022-05-15 11:36:00,3800.0,Krishna Store
GUDDU RAM,155,2022-04-29 16:40:00,500.0,Krishna Store
SANTOSH,17,2022-05-14 17:41:00,6000.0,Krishna Store
RAMESH PANDIT,55,2022-05-24 10:56:00,4000.0,Krishna Store
VINOD MASTER,36,2022-05-29 20:05:00,3000.0,Krishna Store
ROHIT KALU,22,2022-05-31 17:01:00,5000.0,Krishna Store
SANTOSH,17,2022-06-08 22:24:00,5000.0,Krishna Store
NIRANJAN,144,2022-06-11 20:25:00,300.0,Krishna Store
LALIT,4,2022-06-14 20:14:00,7000.0,Krishna Store
PARAS,47,2022-06-15 19:23:00,8000.0,Krishna Store
KARINA SAH,44,2022-06-16 14:14:00,4000.0,Krishna Store
SURESH RAMESH,23,2022-06-16 14:15:00,4000.0,Krishna Store
Arvind master,173,2022-06-14 21:32:00,2000.0,Krishna Store
BIKASH (SABJI),42,2022-06-19 21:49:00,5000.0,Krishna Store
SUDHARSHAN,14,2022-06-21 13:15:00,8929.0,Krishna Store
IRSAD: 6354099203,199,2022-06-22 22:29:00,4000.0,Krishna Store
PANKAJ MANOJ,21,2022-06-26 18:13:00,5000.0,Krishna Store
VIKASH CHAUBE: 7602966083,202,2022-06-26 18:46:00,1500.0,Krishna Store
BIKASH (SABJI),42,2022-06-25 20:52:00,5000.0,Krishna Store
ROHIT KALU,22,2022-07-02 11:17:00,5000.0,Krishna Store
SANTOSH,17,2022-07-03 11:46:00,10000.0,Krishna Store
Chhotu vikas,175,2022-07-09 19:07:00,300.0,Krishna Store
NIRANJAN,144,2022-07-12 19:47:00,300.0,Krishna Store
MAHENDER BHAI,6,2022-07-13 17:28:00,4050.0,Krishna Store
MONU YADAV ,208,2022-07-14 09:26:00,2000.0,Krishna Store
PARAS,47,2022-07-16 21:53:00,5000.0,Krishna Store
BASANT,64,2022-07-16 22:39:00,3500.0,Krishna Store
KARINA SAH,44,2022-07-15 10:22:00,1000.0,Krishna Store
KARINA SAH,44,2022-07-16 10:23:00,3000.0,Krishna Store
IRSAD: 6354099203,199,2022-07-17 22:08:00,9000.0,Krishna Store
Arvind master,173,2022-07-16 23:33:00,3000.0,Krishna Store
PANKAJ MANOJ,21,2022-07-21 23:07:00,5000.0,Krishna Store
LALIT,4,2022-07-26 20:16:00,8000.0,Krishna Store
ROHIT KALU,22,2022-07-26 21:14:00,8000.0,Krishna Store
RAMESH PANDIT,55,2022-07-26 16:05:00,8000.0,Krishna Store
PARAS,47,2022-08-07 17:49:00,5000.0,Krishna Store
RAJU,49,2022-08-11 18:33:00,2980.0,Krishna Store
DINESH CHANDRA,12,2022-08-11 20:14:00,1035.0,Krishna Store
BASANT,64,2022-08-15 20:06:00,4400.0,Krishna Store
RAMESH YADAV,51,2022-08-16 09:06:00,3000.0,Krishna Store
MERAJ: 7857965637,3,2022-08-14 10:58:00,3000.0,Krishna Store
VIKASH CHAUBE: 7602966083,202,2022-08-16 11:00:00,2000.0,Krishna Store
MADAN YADAV,34,2022-08-15 23:02:00,3900.0,Krishna Store
Dilip Sidharth: 1111111111,192,2022-08-15 23:37:00,3000.0,Krishna Store
NIRANJAN,144,2022-08-17 19:08:00,300.0,Krishna Store
IRSAD: 6354099203,199,2022-08-21 21:12:00,8500.0,Krishna Store
PARAS,47,2022-08-22 16:56:00,8000.0,Krishna Store
SATENDER,26,2022-08-25 09:16:00,3500.0,Krishna Store
RAJEEV,204,2022-08-13 19:49:00,1500.0,Krishna Store
KAMLESH SAH: 7041532586,2,2022-08-26 09:49:00,10000.0,Krishna Store
SANTOSH PASWAN,65,2022-08-27 10:23,5000,Krishna Store
LALIT,4,2022-08-13 16:36,8000,Krishna Store
SUNIL WIREMAN,146,2022-08-25 18:59,1500,Krishna Store
