custname,custcode,dte,btotal,sl,dsc,qty,uom,untprc,ttlprc

Nilesh Kushvaha,2,7-Nov-2021 10:19,1000,1,ParleG,1,PKT,5,5
Nilesh Kushvaha,2,7-Nov-2021 10:19,1000,2,ParleG,1,2,131,1
Nilesh Kushvaha,2,7-Nov-2021 10:19,1000,3,ParleG,1,1,1,1
Nilesh Kushvaha,2,7-Nov-2021 22:55,55.00,1,ParleG,PACKET,5,1,5.00
Nilesh Kushvaha,2,7-Nov-2021 22:55,55.00,2,ParleG,PACKET,10,5,50.00
Nilesh Kushvaha,2,8-Nov-2021 10:24,21.00,1,ParleG,PACKET,5,1,5.00
Nilesh Kushvaha,2,8-Nov-2021 10:24,21.00,2,ParleG,PACKET,2,5,10.00
Nilesh Kushvaha,2,8-Nov-2021 10:24,21.00,3,ParleG,PACKET,1,1,1.00
Nilesh Kushvaha,2,8-Nov-2021 10:24,21.00,4,ParleG,PACKET,1,1,1.00
Nilesh Kushvaha,2,8-Nov-2021 10:24,21.00,5,ParleG,PACKET,2,2,4.00
Nilesh Kushvaha,2,9-Nov-2021 23:26,60.00,1,ParleG,PACKET,5,2,10.00
Nilesh Kushvaha,2,9-Nov-2021 23:26,60.00,2,ParleG,-,10,5,50.00
Raju Kushvaha,5,22-Nov-2021 2:55,77.00,1,RICE,KG,52,1,52.00
Raju Kushvaha,5,22-Nov-2021 2:55,77.00,2,PARLE G,PACKET,5,5,25.00
