Customer Name,Customer Code,Date,Amount Paid,Received By
KAMLESH PAPPU,24,2022-01-24 23:53:00,5783,Krishna Store
LALIT,4,2021-12-21 23:22:00,9000,Krishna Store
LALIT,4,2021-11-25 19:02:00,3000,Krishna Store
LALIT,4,2022-01-25 20:07:00,8000,Krishna Store
CHANDAN,168,2021-12-02 10:03:00,94,Krishna Store
CHANDAN,168,2021-12-27 18:17:00,182,Krishna Store
CHANDAN,168,2022-01-26 12:59:00,250,Krishna Store
SUKHENDRA,18,2021-12-11 17:55:00,2266,Krishna Store
SUKHENDRA,18,2021-12-25 17:56:00,2266,Krishna Store
SUKHENDRA,18,2022-01-17 21:11:00,3660,Krishna Store
MANTU SANOJ,169,2021-12-01 20:53:00,55,Krishna Store
MANTU SANOJ,169,2021-12-18 19:11:00,65,Krishna Store
MANTU SANOJ,169,2021-12-29 19:19:00,60,Krishna Store
AKASH,29,2021-12-25 08:56:00,4000,Krishna Store
AKASH,29,2021-12-25 11:44:00,4000,Krishna Store
SUJIT KUMAR,69,2021-12-15 14:31:00,1272,Krishna Store
SUJIT KUMAR,69,2022-01-11 19:17:00,519,Krishna Store
EKLAL,76,2021-12-05 18:10:00,115,Krishna Store
EKLAL,76,2021-12-22 19:58:00,257,Krishna Store
EKLAL,76,2022-02-14 10:02:00,572,Krishna Store
EKLAL,76,2022-02-18 21:20:00,10,Krishna Store
