Bill No,Customer Name,Customer Code,Date,Payment,Bill Total,Sl No,Item Description,Unit,Unit Price,Quantity,Price
736,KAMLESH PAPPU,24,2021-12-06 18:10:00,CREDIT,135.0,1,Chini,KG,43.0,1.0,43.0
736,KAMLESH PAPPU,24,2021-12-06 18:10:00,CREDIT,135.0,2,34: GLORY SOAP (Rs. 25),NOS,25.0,2.0,50.0
736,KAMLESH PAPPU,24,2021-12-06 18:10:00,CREDIT,135.0,3,33: EGG (Rs. 7),NOS,7.0,6.0,42.0
837,KAMLESH PAPPU,24,2021-12-08 21:03:00,CREDIT,190.0,1,sing tel,BOTTLE,170.0,1.0,170.0
837,KAMLESH PAPPU,24,2021-12-08 21:03:00,CREDIT,190.0,2,Masala,NOS,20.0,1.0,20.0
864,KAMLESH PAPPU,24,2021-12-09 12:39:00,CREDIT,45.0,1,Tost 500 gm,NOS,45.0,1.0,45.0
897,KAMLESH PAPPU,24,2021-12-09 23:10:00,CREDIT,275.0,1,3: AATTA PLASTIC 10KG (Rs. 275),PACKET,275.0,1.0,275.0
930,KAMLESH PAPPU,24,2021-12-10 22:20:00,CREDIT,738.0,1,surf,PACKET,48.0,1.0,48.0
930,KAMLESH PAPPU,24,2021-12-10 22:20:00,CREDIT,738.0,2,Bati,PACKET,10.0,1.0,10.0
930,KAMLESH PAPPU,24,2021-12-10 22:20:00,CREDIT,738.0,3,73: OIL HAPPY SARSO 5LTR (Rs. 660),CAN,660.0,1.0,660.0
930,KAMLESH PAPPU,24,2021-12-10 22:20:00,CREDIT,738.0,4,92: SOAP WASHING (Rs. 10),NOS,10.0,2.0,20.0
1199,KAMLESH PAPPU,24,2021-12-16 21:50:00,CREDIT,52.0,1,Chini 500 gm.,KG,21.0,2.0,42.0
1199,KAMLESH PAPPU,24,2021-12-16 21:50:00,CREDIT,52.0,2,Chai,PACKET,10.0,1.0,10.0
1234,KAMLESH PAPPU,24,2021-12-17 21:35:00,CREDIT,510.0,1,Dal ,KG,200.0,1.0,200.0
1234,KAMLESH PAPPU,24,2021-12-17 21:35:00,CREDIT,510.0,2,Rawa 500,GRAM,35.0,1.0,35.0
1234,KAMLESH PAPPU,24,2021-12-17 21:35:00,CREDIT,510.0,3,3: AATTA PLASTIC 10KG (Rs. 275),PACKET,275.0,1.0,275.0
1328,KAMLESH PAPPU,24,2021-12-19 23:21:00,CREDIT,75.0,1,Namak,PACKET,10.0,1.0,10.0
1328,KAMLESH PAPPU,24,2021-12-19 23:21:00,CREDIT,75.0,2,92: SOAP WASHING (Rs. 10),NOS,10.0,2.0,20.0
1328,KAMLESH PAPPU,24,2021-12-19 23:21:00,CREDIT,75.0,3,92: SOAP WASHING (Rs. 10),NOS,10.0,1.0,10.0
1328,KAMLESH PAPPU,24,2021-12-19 23:21:00,CREDIT,75.0,4,38: HALDI 100GM (Rs. 35),KG,35.0,1.0,35.0
1467,KAMLESH PAPPU,24,2021-12-24 18:26:00,CREDIT,265.0,1,Sing Tel ,LITRE,170.0,1.0,170.0
1467,KAMLESH PAPPU,24,2021-12-24 18:26:00,CREDIT,265.0,2,Tost,PACKET,25.0,1.0,25.0
1467,KAMLESH PAPPU,24,2021-12-24 18:26:00,CREDIT,265.0,3,Colgate 150gm,PACKET,70.0,1.0,70.0
1727,KAMLESH PAPPU,24,2021-12-29 18:33:00,CREDIT,10.0,1,56: MASALA KHADA (Rs. 10),PACKET,10.0,1.0,10.0
1782,KAMLESH PAPPU,24,2021-12-30 21:25:00,CREDIT,6.0,1,97: TOBACCO (Rs. 5),PACKET,5.0,1.0,5.0
1782,KAMLESH PAPPU,24,2021-12-30 21:25:00,CREDIT,6.0,2,Lime,NOS,1.0,1.0,1.0
1856,KAMLESH PAPPU,24,2021-12-31 11:01:00,CREDIT,1677.0,1,88: RICE TIGER 25 KG (Rs. 790),PACKET,790.0,1.0,790.0
1856,KAMLESH PAPPU,24,2021-12-31 11:01:00,CREDIT,1677.0,2,91: SOAP WASHING (Rs. 10),NOS,10.0,4.0,40.0
1856,KAMLESH PAPPU,24,2021-12-31 11:01:00,CREDIT,1677.0,3,72: OIL HAPPY SARSO 5LTR (Rs. 650),CAN,650.0,1.0,650.0
1856,KAMLESH PAPPU,24,2021-12-31 11:01:00,CREDIT,1677.0,4,65: OIL HAPPY MITHA 1 LTR (Rs. 130),BOTTLE,130.0,1.0,130.0
1856,KAMLESH PAPPU,24,2021-12-31 11:01:00,CREDIT,1677.0,5,147: SURF WHEEL 1KG (Rs. 52),PACKET,52.0,1.0,52.0
1856,KAMLESH PAPPU,24,2021-12-31 11:01:00,CREDIT,1677.0,6,Sewai,PACKET,15.0,1.0,15.0
2096,KAMLESH PAPPU,24,2022-01-05 21:55:00,CREDIT,70.0,1,33: EGG (Rs. 7),NOS,7.0,10.0,70.0
2163,KAMLESH PAPPU,24,2022-01-07 18:54:00,CREDIT,101.0,1,Tost 500g,GRAM,48.0,1.0,48.0
2163,KAMLESH PAPPU,24,2022-01-07 18:54:00,CREDIT,101.0,2,51: MASALA BADSHAH GARAM 50 GM (Rs. 43),KG,43.0,1.0,43.0
2163,KAMLESH PAPPU,24,2022-01-07 18:54:00,CREDIT,101.0,3,92: SOYABEAN (Rs. 10),PACKET,10.0,1.0,10.0
2314,KAMLESH PAPPU,24,2022-01-09 23:04:00,CREDIT,337.0,1,3: AATTA PLASTIC 10KG (Rs. 275),PACKET,275.0,1.0,275.0
2314,KAMLESH PAPPU,24,2022-01-09 23:04:00,CREDIT,337.0,2,Namak,PACKET,12.0,1.0,12.0
2314,KAMLESH PAPPU,24,2022-01-09 23:04:00,CREDIT,337.0,3,34: GLORY SOAP (Rs. 25),NOS,25.0,2.0,50.0
2429,KAMLESH PAPPU,24,2022-01-12 21:33:00,CREDIT,313.0,1,Gud 2.5kg,KG,113.0,1.0,113.0
2429,KAMLESH PAPPU,24,2022-01-12 21:33:00,CREDIT,313.0,2,142: BESAN 500GM (Rs. 55),GRAM,55.0,3.0,165.0
2429,KAMLESH PAPPU,24,2022-01-12 21:33:00,CREDIT,313.0,3,Mamra,GRAM,35.0,1.0,35.0
2558,KAMLESH PAPPU,24,2022-01-14 22:12:00,CREDIT,20.0,1,109: MAWA (Rs. 10),NOS,10.0,1.0,10.0
2558,KAMLESH PAPPU,24,2022-01-14 22:12:00,CREDIT,20.0,2,Eno,PACKET,10.0,1.0,10.0
2577,KAMLESH PAPPU,24,2022-01-15 18:58:00,CREDIT,185.0,1,SingTel1lit,BOTTLE,165.0,1.0,165.0
2577,KAMLESH PAPPU,24,2022-01-15 18:58:00,CREDIT,185.0,2,114: SABUN (Rs. 10),NOS,10.0,2.0,20.0
2747,KAMLESH PAPPU,24,2022-01-18 21:27:00,CREDIT,327.0,1,3: AATTA PLASTIC 10KG (Rs. 275),PACKET,275.0,1.0,275.0
2747,KAMLESH PAPPU,24,2022-01-18 21:27:00,CREDIT,327.0,2,147: SURF WHEEL 1KG (Rs. 52),PACKET,52.0,1.0,52.0
3062,KAMLESH PAPPU,24,2022-01-24 23:48:00,CREDIT,845.0,1,Dal2kg,KG,195.0,1.0,195.0
3062,KAMLESH PAPPU,24,2022-01-24 23:48:00,CREDIT,845.0,2,114: SABUN (Rs. 10),NOS,10.0,2.0,20.0
3062,KAMLESH PAPPU,24,2022-01-24 23:48:00,CREDIT,845.0,3,Tel5lit,CAN,630.0,1.0,630.0
197,LALIT,4,2021-11-27 19:22:00,CREDIT,461.0,1,78: ONION (Rs. 40),KG,40.0,2.0,80.0
197,LALIT,4,2021-11-27 19:22:00,CREDIT,461.0,2,46: LAHSUN 250GM (Rs. 35),GRAM,35.0,1.0,35.0
197,LALIT,4,2021-11-27 19:22:00,CREDIT,461.0,3,90: SHAMPOO (Rs. 1),PACKET,1.0,20.0,20.0
197,LALIT,4,2021-11-27 19:22:00,CREDIT,461.0,4,3: AATTA PLASTIC 10KG (Rs. 275),PACKET,275.0,1.0,275.0
197,LALIT,4,2021-11-27 19:22:00,CREDIT,461.0,5,95: SURF WHELE 500 (Rs. 25),PACKET,25.0,1.0,25.0
197,LALIT,4,2021-11-27 19:22:00,CREDIT,461.0,6,JEERA 100GM,GRAM,26.0,1.0,26.0
198,LALIT,4,2021-11-29 21:24:00,CREDIT,170.0,1,2: AALOO (Rs. 20),KG,20.0,2.0,40.0
198,LALIT,4,2021-11-29 21:24:00,CREDIT,170.0,2,Jshmin tel 200 ml,BOTTLE,85.0,1.0,85.0
198,LALIT,4,2021-11-29 21:24:00,CREDIT,170.0,3,Chaku ,NOS,25.0,1.0,25.0
198,LALIT,4,2021-11-29 21:24:00,CREDIT,170.0,4,Chhilani,NOS,20.0,1.0,20.0
548,LALIT,4,2021-12-02 19:23:00,CREDIT,364.0,1,24: DAL TOOR 1KG (Rs. 105),KG,105.0,2.0,210.0
548,LALIT,4,2021-12-02 19:23:00,CREDIT,364.0,2,96: SURF WHEEL 500 GM (Rs. 25),PACKET,25.0,1.0,25.0
548,LALIT,4,2021-12-02 19:23:00,CREDIT,364.0,3,91: SHAMPOO (Rs. 1),PACKET,1.0,16.0,16.0
548,LALIT,4,2021-12-02 19:23:00,CREDIT,364.0,4,34: GLORY SOAP (Rs. 25),NOS,25.0,2.0,50.0
548,LALIT,4,2021-12-02 19:23:00,CREDIT,364.0,5,92: SOAP WASHING (Rs. 10),NOS,10.0,2.0,20.0
548,LALIT,4,2021-12-02 19:23:00,CREDIT,364.0,6,MASHALA,PACKET,43.0,1.0,43.0
549,LALIT,4,2021-12-02 19:41:00,CREDIT,10.0,1,128: MESH (Rs. 10),NOS,10.0,1.0,10.0
596,LALIT,4,2021-12-03 18:36:00,CREDIT,790.0,1,83: RICE BASMATI (Rs. 36),KG,36.0,10.0,360.0
596,LALIT,4,2021-12-03 18:36:00,CREDIT,790.0,2,2: AALOO (Rs. 20),KG,20.0,2.0,40.0
596,LALIT,4,2021-12-03 18:36:00,CREDIT,790.0,3,79: ONION (Rs. 40),KG,40.0,2.0,80.0
596,LALIT,4,2021-12-03 18:36:00,CREDIT,790.0,4,47: LAHSUN 250GM (Rs. 35),GRAM,35.0,1.0,35.0
596,LALIT,4,2021-12-03 18:36:00,CREDIT,790.0,5,3: AATTA PLASTIC 10KG (Rs. 275),PACKET,275.0,1.0,275.0
597,LALIT,4,2021-12-03 19:23:00,CREDIT,660.0,1,68: OIL HAPPY MITHA 5 LTR (Rs. 660),CAN,660.0,1.0,660.0
730,LALIT,4,2021-12-06 17:42:00,CREDIT,20.0,1,92: SOAP WASHING (Rs. 10),NOS,10.0,2.0,20.0
764,LALIT,4,2021-12-06 23:57:00,CREDIT,200.0,1,2: AALOO (Rs. 20),KG,20.0,2.0,40.0
764,LALIT,4,2021-12-06 23:57:00,CREDIT,200.0,2,122: JEERA 100GM (Rs. 26),GRAM,26.0,1.0,26.0
764,LALIT,4,2021-12-06 23:57:00,CREDIT,200.0,3,39: HALDI 200GM (Rs. 68),KG,68.0,1.0,68.0
764,LALIT,4,2021-12-06 23:57:00,CREDIT,200.0,4,91: SHAMPOO (Rs. 1),PACKET,1.0,18.0,18.0
764,LALIT,4,2021-12-06 23:57:00,CREDIT,200.0,5,Surf,PACKET,48.0,1.0,48.0
850,LALIT,4,2021-12-08 21:55:00,CREDIT,80.0,1,79: ONION (Rs. 40),KG,40.0,2.0,80.0
863,LALIT,4,2021-12-09 12:39:00,CREDIT,275.0,1,3: AATTA PLASTIC 10KG (Rs. 275),PACKET,275.0,1.0,275.0
936,LALIT,4,2021-12-10 23:34:00,CREDIT,410.0,1,2: AALOO (Rs. 20),KG,20.0,2.0,40.0
936,LALIT,4,2021-12-10 23:34:00,CREDIT,410.0,2,99: TUAR DAL (Rs. 105),KG,105.0,2.0,210.0
936,LALIT,4,2021-12-10 23:34:00,CREDIT,410.0,3,91: SHAMPOO (Rs. 1),PACKET,1.0,20.0,20.0
936,LALIT,4,2021-12-10 23:34:00,CREDIT,410.0,4,29: DHANIYA POWDER 200GM (Rs. 65),KG,65.0,1.0,65.0
936,LALIT,4,2021-12-10 23:34:00,CREDIT,410.0,5,Masala,PACKET,20.0,2.0,40.0
936,LALIT,4,2021-12-10 23:34:00,CREDIT,410.0,6,47: LAHSUN 250GM (Rs. 35),GRAM,35.0,1.0,35.0
1054,LALIT,4,2021-12-13 22:21:00,CREDIT,796.0,1,2: AALOO (Rs. 20),KG,20.0,2.0,40.0
1054,LALIT,4,2021-12-13 22:21:00,CREDIT,796.0,2,3: AATTA PLASTIC 10KG (Rs. 275),PACKET,275.0,1.0,275.0
1054,LALIT,4,2021-12-13 22:21:00,CREDIT,796.0,3,79: ONION (Rs. 40),KG,40.0,2.0,80.0
1054,LALIT,4,2021-12-13 22:21:00,CREDIT,796.0,4,Namak,PACKET,16.0,1.0,16.0
1054,LALIT,4,2021-12-13 22:21:00,CREDIT,796.0,5,96: SURF WHEEL 500 GM (Rs. 25),PACKET,25.0,1.0,25.0
1054,LALIT,4,2021-12-13 22:21:00,CREDIT,796.0,6,83: RICE BASMATI (Rs. 36),KG,36.0,10.0,360.0
1100,LALIT,4,2021-12-14 22:00:00,CREDIT,130.0,1,70: OIL HAPPY SARSO 1 LTR (Rs. 130),BOTTLE,130.0,1.0,130.0
1208,LALIT,4,2021-12-16 22:15:00,CREDIT,760.0,1,34: GLORY SOAP (Rs. 25),NOS,25.0,2.0,50.0
1208,LALIT,4,2021-12-16 22:15:00,CREDIT,760.0,2,92: SOAP WASHING (Rs. 10),NOS,10.0,2.0,20.0
1208,LALIT,4,2021-12-16 22:15:00,CREDIT,760.0,3,91: SHAMPOO (Rs. 1),PACKET,1.0,20.0,20.0
1208,LALIT,4,2021-12-16 22:15:00,CREDIT,760.0,4,144: Sarso Tel 5 ltr (Rs. 650),CAN,650.0,1.0,650.0
1208,LALIT,4,2021-12-16 22:15:00,CREDIT,760.0,5,54: MASALA EVEREST CHICKEN 8 GM (Rs. 5),KG,5.0,1.0,5.0
1208,LALIT,4,2021-12-16 22:15:00,CREDIT,760.0,6,127: MESH (Rs. 15),NOS,15.0,1.0,15.0
1242,LALIT,4,2021-12-17 22:57:00,CREDIT,181.0,1,2: AALOO (Rs. 20),KG,20.0,2.0,40.0
1242,LALIT,4,2021-12-17 22:57:00,CREDIT,181.0,2,79: ONION (Rs. 40),KG,40.0,2.0,80.0
1242,LALIT,4,2021-12-17 22:57:00,CREDIT,181.0,3,47: LAHSUN 250GM (Rs. 35),GRAM,35.0,1.0,35.0
1242,LALIT,4,2021-12-17 22:57:00,CREDIT,181.0,4,122: JEERA 100GM (Rs. 26),GRAM,26.0,1.0,26.0
1297,LALIT,4,2021-12-19 21:39:00,CREDIT,495.0,1,3: AATTA PLASTIC 10KG (Rs. 275),PACKET,275.0,1.0,275.0
1297,LALIT,4,2021-12-19 21:39:00,CREDIT,495.0,2,Dal,KG,100.0,2.0,200.0
1297,LALIT,4,2021-12-19 21:39:00,CREDIT,495.0,3,Bruss,NOS,20.0,1.0,20.0
1356,LALIT,4,2021-12-21 21:55:00,CREDIT,45.0,1,96: SURF WHEEL 500 GM (Rs. 25),PACKET,25.0,1.0,25.0
1356,LALIT,4,2021-12-21 21:55:00,CREDIT,45.0,2,91: SHAMPOO (Rs. 1),PACKET,1.0,20.0,20.0
1416,LALIT,4,2021-12-22 21:31:00,CREDIT,165.0,1,2: AALOO (Rs. 20),KG,20.0,2.0,40.0
1416,LALIT,4,2021-12-22 21:31:00,CREDIT,165.0,2,Colgate 150gm,PACKET,70.0,1.0,70.0
1416,LALIT,4,2021-12-22 21:31:00,CREDIT,165.0,3,Garam masala,GRAM,45.0,1.0,45.0
1416,LALIT,4,2021-12-22 21:31:00,CREDIT,165.0,4,Namkin 100,GRAM,10.0,1.0,10.0
1515,LALIT,4,2021-12-24 22:03:00,CREDIT,1205.0,1,85: RICE KISAN COLUM (Rs. 40),KG,40.0,15.0,600.0
1515,LALIT,4,2021-12-24 22:03:00,CREDIT,1205.0,2,3: AATTA PLASTIC 10KG (Rs. 275),PACKET,275.0,1.0,275.0
1515,LALIT,4,2021-12-24 22:03:00,CREDIT,1205.0,3,112: CHHOLE CHANA 250 GM (Rs. 25),GRAM,25.0,2.0,50.0
1515,LALIT,4,2021-12-24 22:03:00,CREDIT,1205.0,4,43: JASMIN OIL (Rs. 85),BOTTLE,85.0,1.0,85.0
1515,LALIT,4,2021-12-24 22:03:00,CREDIT,1205.0,5,91: SHAMPOO (Rs. 1),PACKET,1.0,20.0,20.0
1515,LALIT,4,2021-12-24 22:03:00,CREDIT,1205.0,6,Lahsun 500 gm,GRAM,55.0,1.0,55.0
1515,LALIT,4,2021-12-24 22:03:00,CREDIT,1205.0,7,Onion 2kg,KG,70.0,1.0,70.0
1515,LALIT,4,2021-12-24 22:03:00,CREDIT,1205.0,8,34: GLORY SOAP (Rs. 25),NOS,25.0,2.0,50.0
1707,LALIT,4,2021-12-28 21:30:00,CREDIT,464.0,1,2: AALOO (Rs. 20),KG,20.0,2.0,40.0
1707,LALIT,4,2021-12-28 21:30:00,CREDIT,464.0,2,78: ONION (Rs. 35),KG,35.0,2.0,70.0
1707,LALIT,4,2021-12-28 21:30:00,CREDIT,464.0,3,98: TUAR DAL (Rs. 100),KG,100.0,2.0,200.0
1707,LALIT,4,2021-12-28 21:30:00,CREDIT,464.0,4,121: JEERA 100GM (Rs. 26),GRAM,26.0,1.0,26.0
1707,LALIT,4,2021-12-28 21:30:00,CREDIT,464.0,5,39: HALDI 200GM (Rs. 68),KG,68.0,1.0,68.0
1707,LALIT,4,2021-12-28 21:30:00,CREDIT,464.0,6,29: DHANIYA POWDER 200GM (Rs. 60),KG,60.0,1.0,60.0
1758,LALIT,4,2021-12-29 21:11:00,CREDIT,700.0,1,139: HAPPY SARSO 5LTR (Rs. 650),LITRE,650.0,1.0,650.0
1758,LALIT,4,2021-12-29 21:11:00,CREDIT,700.0,2,34: GLORY SOAP (Rs. 25),NOS,25.0,2.0,50.0
1927,LALIT,4,2022-01-02 21:24:00,CREDIT,171.0,1,Lahsun 500g,GRAM,50.0,1.0,50.0
1927,LALIT,4,2022-01-02 21:24:00,CREDIT,171.0,2,99: VIM SOAP (Rs. 10),NOS,10.0,1.0,10.0
1927,LALIT,4,2022-01-02 21:24:00,CREDIT,171.0,3,114: SABUN (Rs. 10),NOS,10.0,2.0,20.0
1927,LALIT,4,2022-01-02 21:24:00,CREDIT,171.0,4,95: SURF WHEEL 500 GM (Rs. 26),PACKET,26.0,1.0,26.0
1927,LALIT,4,2022-01-02 21:24:00,CREDIT,171.0,5,Masala powder,GRAM,55.0,1.0,55.0
1927,LALIT,4,2022-01-02 21:24:00,CREDIT,171.0,6,Namak,PACKET,10.0,1.0,10.0
2041,LALIT,4,2022-01-05 19:11:00,CREDIT,300.0,1,3: AATTA PLASTIC 10KG (Rs. 275),PACKET,275.0,1.0,275.0
2041,LALIT,4,2022-01-05 19:11:00,CREDIT,300.0,2,34: GLORY SOAP (Rs. 25),NOS,25.0,1.0,25.0
2097,LALIT,4,2022-01-05 21:56:00,CREDIT,356.0,1,2: AALOO (Rs. 20),KG,20.0,2.0,40.0
2097,LALIT,4,2022-01-05 21:56:00,CREDIT,356.0,2,78: ONION (Rs. 35),KG,35.0,2.0,70.0
2097,LALIT,4,2022-01-05 21:56:00,CREDIT,356.0,3,98: TUAR DAL (Rs. 100),KG,100.0,2.0,200.0
2097,LALIT,4,2022-01-05 21:56:00,CREDIT,356.0,4,121: JEERA 100GM (Rs. 26),GRAM,26.0,1.0,26.0
2097,LALIT,4,2022-01-05 21:56:00,CREDIT,356.0,5,90: SHAMPOO (Rs. 1),PACKET,1.0,20.0,20.0
2135,LALIT,4,2022-01-06 19:56:00,CREDIT,22.0,1,Sev 150g,GRAM,22.0,1.0,22.0
2233,LALIT,4,2022-01-08 18:57:00,CREDIT,50.0,1,34: GLORY SOAP (Rs. 25),NOS,25.0,2.0,50.0
2254,LALIT,4,2022-01-08 22:08:00,CREDIT,282.0,1,82: RICE BASMATI (Rs. 36),KG,36.0,5.0,180.0
2254,LALIT,4,2022-01-08 22:08:00,CREDIT,282.0,2,95: SURF WHEEL 500 GM (Rs. 26),PACKET,26.0,2.0,52.0
2254,LALIT,4,2022-01-08 22:08:00,CREDIT,282.0,3,111: CHHOLE CHANA 250 GM (Rs. 25),GRAM,25.0,2.0,50.0
2330,LALIT,4,2022-01-10 21:18:00,CREDIT,360.0,1,42: JASMIN OIL (Rs. 85),BOTTLE,85.0,1.0,85.0
2330,LALIT,4,2022-01-10 21:18:00,CREDIT,360.0,2,3: AATTA PLASTIC 10KG (Rs. 275),PACKET,275.0,1.0,275.0
2360,LALIT,4,2022-01-10 22:22:00,CREDIT,160.0,1,2: AALOO (Rs. 20),KG,20.0,2.0,40.0
2360,LALIT,4,2022-01-10 22:22:00,CREDIT,160.0,2,78: ONION (Rs. 35),KG,35.0,2.0,70.0
2360,LALIT,4,2022-01-10 22:22:00,CREDIT,160.0,3,Lahsun 500gm,GRAM,50.0,1.0,50.0
2466,LALIT,4,2022-01-12 23:59:00,CREDIT,462.0,1,90: SHAMPOO (Rs. 1),PACKET,1.0,20.0,20.0
2466,LALIT,4,2022-01-12 23:59:00,CREDIT,462.0,2,95: SURF WHEEL 500 GM (Rs. 26),PACKET,26.0,1.0,26.0
2466,LALIT,4,2022-01-12 23:59:00,CREDIT,462.0,3,87: RICE TIGER (Rs. 33),KG,33.0,10.0,330.0
2466,LALIT,4,2022-01-12 23:59:00,CREDIT,462.0,4,121: JEERA 100GM (Rs. 26),GRAM,26.0,1.0,26.0
2466,LALIT,4,2022-01-12 23:59:00,CREDIT,462.0,5,29: DHANIYA POWDER 200GM (Rs. 60),KG,60.0,1.0,60.0
2501,LALIT,4,2022-01-13 23:29:00,CREDIT,210.0,1,98: TUAR DAL (Rs. 100),KG,100.0,2.0,200.0
2501,LALIT,4,2022-01-13 23:29:00,CREDIT,210.0,2,127: MESH (Rs. 10),NOS,10.0,1.0,10.0
2554,LALIT,4,2022-01-14 22:06:00,CREDIT,55.0,1,Hing,PACKET,32.0,1.0,32.0
2554,LALIT,4,2022-01-14 22:06:00,CREDIT,55.0,2,59: MOMBATTI (Rs. 10),NOS,10.0,2.0,20.0
2554,LALIT,4,2022-01-14 22:06:00,CREDIT,55.0,3,Machis,NOS,3.0,1.0,3.0
2647,LALIT,4,2022-01-16 23:42:00,CREDIT,633.0,1,3: AATTA PLASTIC 10KG (Rs. 275),PACKET,275.0,1.0,275.0
2647,LALIT,4,2022-01-16 23:42:00,CREDIT,633.0,2,2: AALOO (Rs. 20),KG,20.0,2.0,40.0
2647,LALIT,4,2022-01-16 23:42:00,CREDIT,633.0,3,78: ONION (Rs. 35),KG,35.0,2.0,70.0
2647,LALIT,4,2022-01-16 23:42:00,CREDIT,633.0,4,34: GLORY SOAP (Rs. 25),NOS,25.0,2.0,50.0
2647,LALIT,4,2022-01-16 23:42:00,CREDIT,633.0,5,114: SABUN (Rs. 10),NOS,10.0,2.0,20.0
2647,LALIT,4,2022-01-16 23:42:00,CREDIT,633.0,6,Closeup200,PACKET,85.0,1.0,85.0
2647,LALIT,4,2022-01-16 23:42:00,CREDIT,633.0,7,Masala120,GRAM,50.0,1.0,50.0
2647,LALIT,4,2022-01-16 23:42:00,CREDIT,633.0,8,51: MASALA BADSHAH GARAM 50 GM (Rs. 43),KG,43.0,1.0,43.0
2648,LALIT,4,2022-01-16 23:45:00,CREDIT,53.0,1,90: SHAMPOO (Rs. 1),PACKET,1.0,21.0,21.0
2648,LALIT,4,2022-01-16 23:45:00,CREDIT,53.0,2,38: HALDI 100GM (Rs. 32),KG,32.0,1.0,32.0
2766,LALIT,4,2022-01-18 22:03:00,CREDIT,313.0,1,95: SURF WHEEL 500 GM (Rs. 26),PACKET,26.0,1.0,26.0
2766,LALIT,4,2022-01-18 22:03:00,CREDIT,313.0,2,Tatasalt,PACKET,22.0,1.0,22.0
2766,LALIT,4,2022-01-18 22:03:00,CREDIT,313.0,3,70: OIL HAPPY SARSO 2 LTR (Rs. 265),CAN,265.0,1.0,265.0
2857,LALIT,4,2022-01-21 20:58:00,CREDIT,441.0,1,34: GLORY SOAP (Rs. 25),NOS,25.0,2.0,50.0
2857,LALIT,4,2022-01-21 20:58:00,CREDIT,441.0,2,Bruss,NOS,20.0,1.0,20.0
2857,LALIT,4,2022-01-21 20:58:00,CREDIT,441.0,3,78: ONION (Rs. 35),KG,35.0,2.0,70.0
2857,LALIT,4,2022-01-21 20:58:00,CREDIT,441.0,4,3: AATTA PLASTIC 10KG (Rs. 275),PACKET,275.0,1.0,275.0
2857,LALIT,4,2022-01-21 20:58:00,CREDIT,441.0,5,121: JEERA 100GM (Rs. 26),GRAM,26.0,1.0,26.0
2962,LALIT,4,2022-01-23 20:34:00,CREDIT,778.0,1,95: SURF WHEEL 500 GM (Rs. 26),PACKET,26.0,1.0,26.0
2962,LALIT,4,2022-01-23 20:34:00,CREDIT,778.0,2,114: SABUN (Rs. 10),NOS,10.0,2.0,20.0
2962,LALIT,4,2022-01-23 20:34:00,CREDIT,778.0,3,Jasmin200,BOTTLE,92.0,1.0,92.0
2962,LALIT,4,2022-01-23 20:34:00,CREDIT,778.0,4,Veslin,PACKET,10.0,1.0,10.0
2962,LALIT,4,2022-01-23 20:34:00,CREDIT,778.0,5,SarsoTel5lit,CAN,630.0,1.0,630.0
3025,LALIT,4,2022-01-24 21:03:00,CREDIT,605.0,1,83: RICE BASMATI DAWAT (Rs. 65),KG,65.0,9.0,585.0
3025,LALIT,4,2022-01-24 21:03:00,CREDIT,605.0,2,90: SHAMPOO (Rs. 1),PACKET,1.0,20.0,20.0
128,CHANDAN,168,2021-11-30 18:40:00,CREDIT,84.0,1,33: EGG (Rs. 7),NOS,7.0,8.0,56.0
128,CHANDAN,168,2021-11-30 18:40:00,CREDIT,84.0,2,KHADA MARCHA 50 GM,GRAM,13.0,1.0,13.0
128,CHANDAN,168,2021-11-30 18:40:00,CREDIT,84.0,3,37: GUTKHA (Rs. 5),NOS,5.0,3.0,15.0
129,CHANDAN,168,2021-11-30 21:10:00,CREDIT,10.0,1,37: GUTKHA (Rs. 5),NOS,5.0,2.0,10.0
767,CHANDAN,168,2021-12-07 00:01:00,CREDIT,10.0,1,101: VIMAL (Rs. 5),NOS,5.0,2.0,10.0
826,CHANDAN,168,2021-12-08 20:36:00,CREDIT,10.0,1,khada mirch 50,GRAM,10.0,1.0,10.0
906,CHANDAN,168,2021-12-09 23:22:00,CREDIT,10.0,1,101: VIMAL (Rs. 5),NOS,5.0,2.0,10.0
973,CHANDAN,168,2021-12-11 23:32:00,CREDIT,25.0,1,101: VIMAL (Rs. 5),NOS,5.0,2.0,10.0
973,CHANDAN,168,2021-12-11 23:32:00,CREDIT,25.0,2,98: TOBACCO (Rs. 5),PACKET,5.0,1.0,5.0
973,CHANDAN,168,2021-12-11 23:32:00,CREDIT,25.0,3,Fair & lovely,PACKET,10.0,1.0,10.0
1002,CHANDAN,168,2021-12-12 23:22:00,CREDIT,35.0,1,119: MITHAI (Rs. 5),NOS,5.0,3.0,15.0
1002,CHANDAN,168,2021-12-12 23:22:00,CREDIT,35.0,2,37: GUTKHA (Rs. 5),NOS,5.0,2.0,10.0
1002,CHANDAN,168,2021-12-12 23:22:00,CREDIT,35.0,3,37: GUTKHA (Rs. 5),NOS,5.0,2.0,10.0
1039,CHANDAN,168,2021-12-13 21:35:00,CREDIT,30.0,1,31: DOVE SHAMPOO (Rs. 2),PACKET,2.0,2.0,4.0
1039,CHANDAN,168,2021-12-13 21:35:00,CREDIT,30.0,2,37: GUTKHA (Rs. 5),NOS,5.0,2.0,10.0
1039,CHANDAN,168,2021-12-13 21:35:00,CREDIT,30.0,3,98: TOBACCO (Rs. 5),PACKET,5.0,1.0,5.0
1039,CHANDAN,168,2021-12-13 21:35:00,CREDIT,30.0,4,Lime,NOS,1.0,1.0,1.0
1039,CHANDAN,168,2021-12-13 21:35:00,CREDIT,30.0,5,128: MESH (Rs. 10),NOS,10.0,1.0,10.0
1138,CHANDAN,168,2021-12-15 19:14:00,CREDIT,6.0,1,98: TOBACCO (Rs. 5),PACKET,5.0,1.0,5.0
1138,CHANDAN,168,2021-12-15 19:14:00,CREDIT,6.0,2,Lime ,NOS,1.0,1.0,1.0
1257,CHANDAN,168,2021-12-17 23:24:00,CREDIT,6.0,1,98: TOBACCO (Rs. 5),PACKET,5.0,1.0,5.0
1257,CHANDAN,168,2021-12-17 23:24:00,CREDIT,6.0,2,Lime ,NOS,1.0,1.0,1.0
1313,CHANDAN,168,2021-12-19 22:02:00,CREDIT,20.0,1,sonpapdi ,NOS,5.0,4.0,20.0
1498,CHANDAN,168,2021-12-24 21:23:00,CREDIT,10.0,1,sonpapdi,NOS,5.0,1.0,5.0
1498,CHANDAN,168,2021-12-24 21:23:00,CREDIT,10.0,2,98: TOBACCO (Rs. 5),PACKET,5.0,1.0,5.0
1573,CHANDAN,168,2021-12-25 21:55:00,CREDIT,10.0,1,98: TOBACCO (Rs. 5),PACKET,5.0,1.0,5.0
1573,CHANDAN,168,2021-12-25 21:55:00,CREDIT,10.0,2,119: MITHAI (Rs. 5),NOS,5.0,1.0,5.0
1611,CHANDAN,168,2021-12-26 21:23:00,CREDIT,10.0,1,102: WAFERS (Rs. 5),PACKET,5.0,1.0,5.0
1611,CHANDAN,168,2021-12-26 21:23:00,CREDIT,10.0,2,119: MITHAI (Rs. 5),NOS,5.0,1.0,5.0
1683,CHANDAN,168,2021-12-28 18:07:00,CREDIT,11.0,2,Lime,NOS,1.0,1.0,1.0
1683,CHANDAN,168,2021-12-28 18:07:00,CREDIT,11.0,3,118: MITHAI (Rs. 5),NOS,5.0,2.0,10.0
1900,CHANDAN,168,2022-01-01 23:55:00,CREDIT,6.0,1,97: TOBACCO (Rs. 5),PACKET,5.0,1.0,5.0
1900,CHANDAN,168,2022-01-01 23:55:00,CREDIT,6.0,2,Lime,NOS,1.0,1.0,1.0
1941,CHANDAN,168,2022-01-02 21:49:00,CREDIT,10.0,1,97: TOBACCO (Rs. 5),PACKET,5.0,1.0,5.0
1941,CHANDAN,168,2022-01-02 21:49:00,CREDIT,10.0,2,100: VIMAL (Rs. 5),NOS,5.0,1.0,5.0
1989,CHANDAN,168,2022-01-03 17:16:00,CREDIT,15.0,1,100: VIMAL (Rs. 5),NOS,5.0,3.0,15.0
2033,CHANDAN,168,2022-01-04 23:48:00,CREDIT,60.0,1,100: VIMAL (Rs. 5),NOS,5.0,2.0,10.0
2033,CHANDAN,168,2022-01-04 23:48:00,CREDIT,60.0,2,Achar,PACKET,50.0,1.0,50.0
2081,CHANDAN,168,2022-01-05 21:38:00,CREDIT,5.0,1,100: VIMAL (Rs. 5),NOS,5.0,1.0,5.0
2093,CHANDAN,168,2022-01-05 21:52:00,CREDIT,6.0,1,97: TOBACCO (Rs. 5),PACKET,5.0,1.0,5.0
2093,CHANDAN,168,2022-01-05 21:52:00,CREDIT,6.0,2,Lime,NOS,1.0,1.0,1.0
2155,CHANDAN,168,2022-01-06 21:44:00,CREDIT,10.0,1,100: VIMAL (Rs. 5),NOS,5.0,2.0,10.0
2740,CHANDAN,168,2022-01-18 20:57:00,CREDIT,30.0,1,103: CHIKKI (Rs. 5),NOS,5.0,2.0,10.0
2740,CHANDAN,168,2022-01-18 20:57:00,CREDIT,30.0,2,Ladu,NOS,5.0,3.0,15.0
2740,CHANDAN,168,2022-01-18 20:57:00,CREDIT,30.0,3,101: WAFERS (Rs. 5),PACKET,5.0,1.0,5.0
2816,CHANDAN,168,2022-01-19 22:02:00,CREDIT,6.0,1,97: TOBACCO (Rs. 5),PACKET,5.0,1.0,5.0
2816,CHANDAN,168,2022-01-19 22:02:00,CREDIT,6.0,2,Lime,PACKET,1.0,1.0,1.0
2881,CHANDAN,168,2022-01-21 22:01:00,CREDIT,20.0,1,114: SABUN (Rs. 10),NOS,10.0,2.0,20.0
2921,CHANDAN,168,2022-01-22 19:19:00,CREDIT,16.0,1,97: TOBACCO (Rs. 5),PACKET,5.0,1.0,5.0
2921,CHANDAN,168,2022-01-22 19:19:00,CREDIT,16.0,2,Lime,NOS,1.0,1.0,1.0
2921,CHANDAN,168,2022-01-22 19:19:00,CREDIT,16.0,3,118: MITHAI (Rs. 5),NOS,5.0,2.0,10.0
2927,CHANDAN,168,2022-01-22 21:33:00,CREDIT,10.0,1,109: MAWA (Rs. 10),NOS,10.0,1.0,10.0
2954,CHANDAN,168,2022-01-23 18:48:00,CREDIT,20.0,1,118: MITHAI (Rs. 5),NOS,5.0,2.0,10.0
2954,CHANDAN,168,2022-01-23 18:48:00,CREDIT,20.0,2,109: MAWA (Rs. 10),NOS,10.0,1.0,10.0
3080,CHANDAN,168,2022-01-25 20:43:00,CREDIT,10.0,1,109: MAWA (Rs. 10),NOS,10.0,1.0,10.0
475,SUKHENDRA,18,2021-11-26 13:09:00,CREDIT,140.0,1,4: AATTA PLASTIC 5KG (Rs. 140),PACKET,140.0,1.0,140.0
699,SUKHENDRA,18,2021-12-05 21:26:00,CREDIT,223.0,1,83: RICE BASMATI (Rs. 36),KG,36.0,1.0,36.0
699,SUKHENDRA,18,2021-12-05 21:26:00,CREDIT,223.0,2,99: TUAR DAL (Rs. 105),KG,105.0,1.0,105.0
699,SUKHENDRA,18,2021-12-05 21:26:00,CREDIT,223.0,3,Achar ,BOTTLE,40.0,1.0,40.0
699,SUKHENDRA,18,2021-12-05 21:26:00,CREDIT,223.0,4,55: MASALA EVEREST GARAM 50 GM (Rs. 42),KG,42.0,1.0,42.0
852,SUKHENDRA,18,2021-12-08 21:56:00,CREDIT,216.0,1,83: RICE BASMATI (Rs. 36),KG,36.0,6.0,216.0
853,SUKHENDRA,18,2021-12-08 21:57:00,CREDIT,10.0,1,92: SOAP WASHING (Rs. 10),NOS,10.0,1.0,10.0
972,SUKHENDRA,18,2021-12-11 23:31:00,CREDIT,800.0,1,4: AATTA PLASTIC 5KG (Rs. 140),PACKET,140.0,1.0,140.0
972,SUKHENDRA,18,2021-12-11 23:31:00,CREDIT,800.0,2,73: OIL HAPPY SARSO 5LTR (Rs. 660),CAN,660.0,1.0,660.0
986,SUKHENDRA,18,2021-12-12 12:47:00,CREDIT,80.0,1,79: ONION (Rs. 40),KG,40.0,1.0,40.0
986,SUKHENDRA,18,2021-12-12 12:47:00,CREDIT,80.0,2,Achar,BOTTLE,40.0,1.0,40.0
1065,SUKHENDRA,18,2021-12-13 23:38:00,CREDIT,47.0,1,Chini 500 gm.,GRAM,22.0,1.0,22.0
1065,SUKHENDRA,18,2021-12-13 23:38:00,CREDIT,47.0,2,Sewai,PACKET,15.0,1.0,15.0
1065,SUKHENDRA,18,2021-12-13 23:38:00,CREDIT,47.0,3,Khir masala,PACKET,10.0,1.0,10.0
1085,SUKHENDRA,18,2021-12-14 21:39:00,CREDIT,140.0,1,38: HALDI 100GM (Rs. 35),KG,35.0,1.0,35.0
1085,SUKHENDRA,18,2021-12-14 21:39:00,CREDIT,140.0,2,99: TUAR DAL (Rs. 105),KG,105.0,1.0,105.0
1189,SUKHENDRA,18,2021-12-16 21:39:00,CREDIT,39.0,1,149: SUGAR 250gm. (Rs. 11),GRAM,11.0,2.0,22.0
1189,SUKHENDRA,18,2021-12-16 21:39:00,CREDIT,39.0,2,Bread,PACKET,12.0,1.0,12.0
1189,SUKHENDRA,18,2021-12-16 21:39:00,CREDIT,39.0,3,9: BISCUITS (Rs. 5),PACKET,5.0,1.0,5.0
1277,SUKHENDRA,18,2021-12-18 21:29:00,CREDIT,140.0,1,4: AATTA PLASTIC 5KG (Rs. 140),PACKET,140.0,1.0,140.0
1357,SUKHENDRA,18,2021-12-21 21:56:00,CREDIT,288.0,1,83: RICE BASMATI (Rs. 36),KG,36.0,8.0,288.0
1593,SUKHENDRA,18,2021-12-26 20:36:00,CREDIT,130.0,1,92: SOAP WASHING (Rs. 10),NOS,10.0,5.0,50.0
1593,SUKHENDRA,18,2021-12-26 20:36:00,CREDIT,130.0,2,Namkin 150 gm,GRAM,20.0,1.0,20.0
1593,SUKHENDRA,18,2021-12-26 20:36:00,CREDIT,130.0,3,102: WAFERS (Rs. 5),PACKET,5.0,2.0,10.0
1593,SUKHENDRA,18,2021-12-26 20:36:00,CREDIT,130.0,4,Achar,PACKET,50.0,1.0,50.0
1665,SUKHENDRA,18,2021-12-27 21:53:00,CREDIT,246.0,1,4: AATTA PLASTIC 5KG (Rs. 140),PACKET,140.0,1.0,140.0
1665,SUKHENDRA,18,2021-12-27 21:53:00,CREDIT,246.0,2,Khirmasala,PACKET,45.0,1.0,45.0
1665,SUKHENDRA,18,2021-12-27 21:53:00,CREDIT,246.0,3,Chini 250gm,GRAM,11.0,1.0,11.0
1665,SUKHENDRA,18,2021-12-27 21:53:00,CREDIT,246.0,4,28: DHANIYA POWDER 100GM (Rs. 35),KG,35.0,1.0,35.0
1665,SUKHENDRA,18,2021-12-27 21:53:00,CREDIT,246.0,5,Sewai,PACKET,15.0,1.0,15.0
1772,SUKHENDRA,18,2021-12-30 19:34:00,CREDIT,92.0,1,Chai 100gm,GRAM,40.0,1.0,40.0
1772,SUKHENDRA,18,2021-12-30 19:34:00,CREDIT,92.0,2,116: GUD 100 GM (Rs. 5),GRAM,5.0,5.0,25.0
1772,SUKHENDRA,18,2021-12-30 19:34:00,CREDIT,92.0,3,Chini 500g,GRAM,22.0,1.0,22.0
1772,SUKHENDRA,18,2021-12-30 19:34:00,CREDIT,92.0,4,9: BISCUITS (Rs. 5),PACKET,5.0,1.0,5.0
1849,SUKHENDRA,18,2022-01-01 00:01:00,CREDIT,722.0,1,28: DHANIYA POWDER 100GM (Rs. 32),KG,32.0,1.0,32.0
1849,SUKHENDRA,18,2022-01-01 00:01:00,CREDIT,722.0,2,masala,PACKET,20.0,2.0,40.0
1849,SUKHENDRA,18,2022-01-01 00:01:00,CREDIT,722.0,3,72: OIL HAPPY SARSO 5LTR (Rs. 650),CAN,650.0,1.0,650.0
1878,SUKHENDRA,18,2022-01-01 23:17:00,CREDIT,65.0,1,78: ONION (Rs. 35),KG,35.0,1.0,35.0
1878,SUKHENDRA,18,2022-01-01 23:17:00,CREDIT,65.0,2,103: CHIKKI (Rs. 5),NOS,5.0,2.0,10.0
1878,SUKHENDRA,18,2022-01-01 23:17:00,CREDIT,65.0,3,Nihar oil,BOTTLE,20.0,1.0,20.0
1954,SUKHENDRA,18,2022-01-03 20:07:00,CREDIT,173.0,1,87: RICE TIGER (Rs. 33),KG,33.0,5.0,165.0
1954,SUKHENDRA,18,2022-01-03 20:07:00,CREDIT,173.0,2,Jebha,NOS,8.0,1.0,8.0
2090,SUKHENDRA,18,2022-01-05 21:49:00,CREDIT,140.0,1,4: AATTA PLASTIC 5KG (Rs. 140),PACKET,140.0,1.0,140.0
2224,SUKHENDRA,18,2022-01-08 17:57:00,CREDIT,247.0,1,98: TUAR DAL (Rs. 100),KG,100.0,2.0,200.0
2224,SUKHENDRA,18,2022-01-08 17:57:00,CREDIT,247.0,2,Achar,BOTTLE,42.0,1.0,42.0
2224,SUKHENDRA,18,2022-01-08 17:57:00,CREDIT,247.0,3,Sonpapdi,PACKET,5.0,1.0,5.0
2407,SUKHENDRA,18,2022-01-11 22:10:00,CREDIT,165.0,1,111: CHHOLE CHANA 250 GM (Rs. 25),GRAM,25.0,2.0,50.0
2407,SUKHENDRA,18,2022-01-11 22:10:00,CREDIT,165.0,2,Chini 1kg,KG,43.0,1.0,43.0
2407,SUKHENDRA,18,2022-01-11 22:10:00,CREDIT,165.0,3,Namkin,PACKET,72.0,1.0,72.0
2443,SUKHENDRA,18,2022-01-12 23:23:00,CREDIT,175.0,1,114: SABUN (Rs. 10),NOS,10.0,5.0,50.0
2443,SUKHENDRA,18,2022-01-12 23:23:00,CREDIT,175.0,2,95: SURF WHEEL 500 GM (Rs. 26),PACKET,26.0,1.0,26.0
2443,SUKHENDRA,18,2022-01-12 23:23:00,CREDIT,175.0,3,87: RICE TIGER (Rs. 33),KG,33.0,3.0,99.0
2479,SUKHENDRA,18,2022-01-13 23:04:00,CREDIT,165.0,1,4: AATTA PLASTIC 5KG (Rs. 140),PACKET,140.0,1.0,140.0
2479,SUKHENDRA,18,2022-01-13 23:04:00,CREDIT,165.0,2,Sev100,GRAM,15.0,1.0,15.0
2479,SUKHENDRA,18,2022-01-13 23:04:00,CREDIT,165.0,3,127: MESH (Rs. 10),NOS,10.0,1.0,10.0
2534,SUKHENDRA,18,2022-01-14 21:42:00,CREDIT,42.0,1,Dal100,NOS,10.0,1.0,10.0
2534,SUKHENDRA,18,2022-01-14 21:42:00,CREDIT,42.0,2,Hing,PACKET,32.0,1.0,32.0
2601,SUKHENDRA,18,2022-01-15 20:31:00,CREDIT,275.0,1,66: OIL HAPPY MITHA 2 LTR (Rs. 265),CAN,265.0,1.0,265.0
2601,SUKHENDRA,18,2022-01-15 20:31:00,CREDIT,275.0,2,Veslin,GRAM,10.0,1.0,10.0
2694,SUKHENDRA,18,2022-01-17 22:02:00,CREDIT,299.0,1,Sewai,PACKET,15.0,1.0,15.0
2694,SUKHENDRA,18,2022-01-17 22:02:00,CREDIT,299.0,2,Khirmasala,PACKET,10.0,2.0,20.0
2694,SUKHENDRA,18,2022-01-17 22:02:00,CREDIT,299.0,3,87: RICE TIGER (Rs. 33),KG,33.0,8.0,264.0
2864,SUKHENDRA,18,2022-01-21 21:22:00,CREDIT,110.0,1,Gud500g,NOS,25.0,1.0,25.0
2864,SUKHENDRA,18,2022-01-21 21:22:00,CREDIT,110.0,2,Jasn,BOTTLE,85.0,1.0,85.0
2865,SUKHENDRA,18,2022-01-21 21:23:00,CREDIT,83.0,1,116: GUD 100 GM (Rs. 5),GRAM,5.0,5.0,25.0
2865,SUKHENDRA,18,2022-01-21 21:23:00,CREDIT,83.0,2,Jasmin100m,BOTTLE,48.0,1.0,48.0
2865,SUKHENDRA,18,2022-01-21 21:23:00,CREDIT,83.0,3,9: BISCUITS (Rs. 5),PACKET,5.0,2.0,10.0
2945,SUKHENDRA,18,2022-01-22 21:54:00,CREDIT,374.0,1,38: HALDI 100GM (Rs. 32),KG,32.0,1.0,32.0
2945,SUKHENDRA,18,2022-01-22 21:54:00,CREDIT,374.0,2,28: DHANIYA POWDER 100GM (Rs. 32),KG,32.0,1.0,32.0
2945,SUKHENDRA,18,2022-01-22 21:54:00,CREDIT,374.0,3,70: OIL HAPPY SARSO 2 LTR (Rs. 265),CAN,265.0,1.0,265.0
2945,SUKHENDRA,18,2022-01-22 21:54:00,CREDIT,374.0,4,Garam masala,PACKET,20.0,1.0,20.0
2945,SUKHENDRA,18,2022-01-22 21:54:00,CREDIT,374.0,5,Sonpapdi,NOS,5.0,1.0,5.0
2945,SUKHENDRA,18,2022-01-22 21:54:00,CREDIT,374.0,6,Sprait,BOTTLE,20.0,1.0,20.0
2963,SUKHENDRA,18,2022-01-23 20:36:00,CREDIT,20.0,1,9: BISCUITS (Rs. 5),PACKET,5.0,2.0,10.0
2963,SUKHENDRA,18,2022-01-23 20:36:00,CREDIT,20.0,2,Machis,PACKET,10.0,1.0,10.0
2964,SUKHENDRA,18,2022-01-23 20:41:00,CREDIT,140.0,1,4: AATTA PLASTIC 5KG (Rs. 140),PACKET,140.0,1.0,140.0
3107,SUKHENDRA,18,2022-01-25 21:37:00,CREDIT,15.0,1,61: NAMKEEN 100GM (Rs. 15),GRAM,15.0,1.0,15.0
3154,SUKHENDRA,18,2022-01-26 23:24:00,CREDIT,53.0,1,Dal500g,GRAM,48.0,1.0,48.0
3154,SUKHENDRA,18,2022-01-26 23:24:00,CREDIT,53.0,2,90: SHAMPOO (Rs. 1),PACKET,1.0,5.0,5.0
3218,SUKHENDRA,18,2022-01-28 21:25:00,CREDIT,57.0,1,Khir+SewChini,NOS,57.0,1.0,57.0
215,MANTU SANOJ,169,2021-11-30 21:33:00,CREDIT,30.0,1,37: GUTKHA (Rs. 5),NOS,5.0,5.0,25.0
215,MANTU SANOJ,169,2021-11-30 21:33:00,CREDIT,30.0,2,98: TOBACCO (Rs. 5),PACKET,5.0,1.0,5.0
216,MANTU SANOJ,169,2021-12-01 20:54:00,CREDIT,25.0,1,37: GUTKHA (Rs. 5),NOS,5.0,5.0,25.0
1114,MANTU SANOJ,169,2021-12-14 22:24:00,CREDIT,20.0,1,37: GUTKHA (Rs. 5),NOS,5.0,4.0,20.0
1132,MANTU SANOJ,169,2021-12-15 14:40:00,CREDIT,20.0,1,37: GUTKHA (Rs. 5),NOS,5.0,4.0,20.0
1237,MANTU SANOJ,169,2021-12-17 21:37:00,CREDIT,25.0,1,119: MITHAI (Rs. 5),NOS,5.0,3.0,15.0
1237,MANTU SANOJ,169,2021-12-17 21:37:00,CREDIT,25.0,2,37: GUTKHA (Rs. 5),NOS,5.0,2.0,10.0
1717,MANTU SANOJ,169,2021-12-28 21:54:00,CREDIT,60.0,1,past due,NOS,60.0,1.0,60.0
2347,MANTU SANOJ,169,2022-01-10 22:04:00,CREDIT,16.0,1,37: GUTKHA (Rs. 5),NOS,5.0,2.0,10.0
2347,MANTU SANOJ,169,2022-01-10 22:04:00,CREDIT,16.0,2,97: TOBACCO (Rs. 5),PACKET,5.0,1.0,5.0
2347,MANTU SANOJ,169,2022-01-10 22:04:00,CREDIT,16.0,3,Lime,NOS,1.0,1.0,1.0
2808,MANTU SANOJ,169,2022-01-19 21:42:00,CREDIT,35.0,1,100: VIMAL (Rs. 5),NOS,5.0,5.0,25.0
2808,MANTU SANOJ,169,2022-01-19 21:42:00,CREDIT,35.0,2,17: CIGGARATE (Rs. 10),NOS,10.0,1.0,10.0
2894,MANTU SANOJ,169,2022-01-21 22:22:00,CREDIT,10.0,1,37: GUTKHA (Rs. 5),NOS,5.0,2.0,10.0
2940,MANTU SANOJ,169,2022-01-22 21:45:00,CREDIT,11.0,1,Kamlapasad,NOS,6.0,1.0,6.0
2940,MANTU SANOJ,169,2022-01-22 21:45:00,CREDIT,11.0,2,118: MITHAI (Rs. 5),NOS,5.0,1.0,5.0
3008,MANTU SANOJ,169,2022-01-23 23:22:00,CREDIT,10.0,1,37: GUTKHA (Rs. 5),NOS,5.0,2.0,10.0
3018,MANTU SANOJ,169,2022-01-24 19:00:00,CREDIT,10.0,1,37: GUTKHA (Rs. 5),NOS,5.0,2.0,10.0
3072,MANTU SANOJ,169,2022-01-25 18:57:00,CREDIT,15.0,1,37: GUTKHA (Rs. 5),NOS,5.0,3.0,15.0
3134,MANTU SANOJ,169,2022-01-26 21:41:00,CREDIT,40.0,1,100: VIMAL (Rs. 5),NOS,5.0,8.0,40.0
3181,MANTU SANOJ,169,2022-01-27 21:47:00,CREDIT,15.0,1,37: GUTKHA (Rs. 5),NOS,5.0,3.0,15.0
3194,MANTU SANOJ,169,2022-01-27 22:18:00,CREDIT,10.0,1,37: GUTKHA (Rs. 5),NOS,5.0,2.0,10.0
3298,MANTU SANOJ,169,2022-01-30 21:31:00,CREDIT,5.0,1,37: GUTKHA (Rs. 5),NOS,5.0,1.0,5.0
3426,MANTU SANOJ,169,2022-02-02 08:50:00,CREDIT,20.0,1,37: GUTKHA (Rs. 5),NOS,5.0,4.0,20.0
4,AKASH,29,2021-11-23 21:11:00,CREDIT,355.0,1,10: AATTA PLASTIC 5KG (Rs. 140),PACKET,140.0,1.0,140.0
4,AKASH,29,2021-11-23 21:11:00,CREDIT,355.0,2,5: RICE SHIVLING (Rs. 36),KG,36.0,5.0,180.0
4,AKASH,29,2021-11-23 21:11:00,CREDIT,355.0,3,LOLLIPOP,NOS,5.0,4.0,20.0
4,AKASH,29,2021-11-23 21:11:00,CREDIT,355.0,4,2: WAFERS (Rs. 5),PACKET,5.0,2.0,10.0
4,AKASH,29,2021-11-23 21:11:00,CREDIT,355.0,5,OIL POUCH,NOS,1.0,5.0,5.0
7,AKASH,29,2021-11-24 19:53:00,CREDIT,95.0,1,RIN SOAP,NOS,10.0,2.0,20.0
7,AKASH,29,2021-11-24 19:53:00,CREDIT,95.0,2,60: VIM SOAP (Rs. 10),NOS,10.0,1.0,10.0
7,AKASH,29,2021-11-24 19:53:00,CREDIT,95.0,3,61: AALOO (Rs. 20),KG,20.0,1.0,20.0
7,AKASH,29,2021-11-24 19:53:00,CREDIT,95.0,4,ONION,KG,40.0,1.0,40.0
7,AKASH,29,2021-11-24 19:53:00,CREDIT,95.0,5,GUTKHA,NOS,5.0,1.0,5.0
8,AKASH,29,2021-11-26 18:53:00,CREDIT,275.0,1,66: OIL HAPPY MITHA 2 LTR (Rs. 270),CAN,270.0,1.0,270.0
8,AKASH,29,2021-11-26 18:53:00,CREDIT,275.0,2,36: GUTKHA (Rs. 5),NOS,5.0,1.0,5.0
9,AKASH,29,2021-11-26 11:06:00,CREDIT,10.0,1,101: WAFERS (Rs. 5),PACKET,5.0,2.0,10.0
10,AKASH,29,2021-11-27 11:28:00,CREDIT,280.0,1,66: OIL HAPPY MITHA 2 LTR (Rs. 270),CAN,270.0,1.0,270.0
10,AKASH,29,2021-11-27 11:28:00,CREDIT,280.0,2,36: GUTKHA (Rs. 5),NOS,5.0,2.0,10.0
11,AKASH,29,2021-11-27 19:10:00,CREDIT,40.0,1,sewai,PACKET,15.0,1.0,15.0
11,AKASH,29,2021-11-27 19:10:00,CREDIT,40.0,2,36: GUTKHA (Rs. 5),NOS,5.0,2.0,10.0
11,AKASH,29,2021-11-27 19:10:00,CREDIT,40.0,3,Mithai,NOS,5.0,3.0,15.0
12,AKASH,29,2021-11-28 11:56:00,CREDIT,11.0,1,116: CIGGARATE (Rs. 6),NOS,6.0,1.0,6.0
12,AKASH,29,2021-11-28 11:56:00,CREDIT,11.0,2,37: GUTKHA (Rs. 5),NOS,5.0,1.0,5.0
13,AKASH,29,2021-11-28 19:41:00,CREDIT,30.0,1,57: MASALA KHADA (Rs. 10),PACKET,10.0,1.0,10.0
13,AKASH,29,2021-11-28 19:41:00,CREDIT,30.0,2,37: GUTKHA (Rs. 5),NOS,5.0,2.0,10.0
13,AKASH,29,2021-11-28 19:41:00,CREDIT,30.0,3,16: CHOCOLATE (Rs. 1),NOS,1.0,10.0,10.0
14,AKASH,29,2021-11-29 21:44:00,CREDIT,10.0,1,Chai,PACKET,10.0,1.0,10.0
15,AKASH,29,2021-11-30 19:34:00,CREDIT,55.0,1,47: LAHSUN 250GM (Rs. 35),GRAM,35.0,1.0,35.0
15,AKASH,29,2021-11-30 19:34:00,CREDIT,55.0,2,9: BISCUITS (Rs. 5),PACKET,5.0,2.0,10.0
15,AKASH,29,2021-11-30 19:34:00,CREDIT,55.0,3,37: GUTKHA (Rs. 5),NOS,5.0,2.0,10.0
16,AKASH,29,2021-12-01 12:19:00,CREDIT,152.0,1,99: TUAR DAL (Rs. 105),KG,105.0,1.0,105.0
16,AKASH,29,2021-12-01 12:19:00,CREDIT,152.0,2,Tost,PACKET,42.0,1.0,42.0
16,AKASH,29,2021-12-01 12:19:00,CREDIT,152.0,3,104: CHIKKI (Rs. 5),NOS,5.0,1.0,5.0
17,AKASH,29,2021-12-01 12:21:00,CREDIT,5.0,1,104: CHIKKI (Rs. 5),NOS,5.0,1.0,5.0
18,AKASH,29,2021-12-01 17:56:00,CREDIT,10.0,1,37: GUTKHA (Rs. 5),NOS,5.0,2.0,10.0
554,AKASH,29,2021-12-02 08:55:00,CREDIT,393.0,1,Chana deshi ,GRAM,35.0,1.0,35.0
554,AKASH,29,2021-12-02 08:55:00,CREDIT,393.0,2,110: MAWA (Rs. 10),NOS,10.0,1.0,10.0
554,AKASH,29,2021-12-02 08:55:00,CREDIT,393.0,3,87: RICE SHIVLING (Rs. 36),KG,36.0,5.0,180.0
554,AKASH,29,2021-12-02 08:55:00,CREDIT,393.0,4,4: AATTA PLASTIC 5KG (Rs. 140),PACKET,140.0,1.0,140.0
554,AKASH,29,2021-12-02 08:55:00,CREDIT,393.0,5,33: EGG (Rs. 7),NOS,7.0,4.0,28.0
572,AKASH,29,2021-12-03 10:27:00,CREDIT,82.0,1,Besan 200 gm,PACKET,30.0,1.0,30.0
572,AKASH,29,2021-12-03 10:27:00,CREDIT,82.0,2,91: SHAMPOO (Rs. 1),PACKET,1.0,10.0,10.0
572,AKASH,29,2021-12-03 10:27:00,CREDIT,82.0,3,119: MITHAI (Rs. 5),NOS,5.0,2.0,10.0
572,AKASH,29,2021-12-03 10:27:00,CREDIT,82.0,4,104: CHIKKI (Rs. 5),NOS,5.0,1.0,5.0
572,AKASH,29,2021-12-03 10:27:00,CREDIT,82.0,5,Chini,GRAM,22.0,1.0,22.0
572,AKASH,29,2021-12-03 10:27:00,CREDIT,82.0,6,37: GUTKHA (Rs. 5),NOS,5.0,1.0,5.0
656,AKASH,29,2021-12-04 21:50:00,CREDIT,95.0,1,2: AALOO (Rs. 20),KG,20.0,1.0,20.0
656,AKASH,29,2021-12-04 21:50:00,CREDIT,95.0,2,79: ONION (Rs. 40),KG,40.0,1.0,40.0
656,AKASH,29,2021-12-04 21:50:00,CREDIT,95.0,3,16: CHOCOLATE (Rs. 1),NOS,1.0,10.0,10.0
656,AKASH,29,2021-12-04 21:50:00,CREDIT,95.0,4,102: WAFERS (Rs. 5),PACKET,5.0,2.0,10.0
656,AKASH,29,2021-12-04 21:50:00,CREDIT,95.0,5,37: GUTKHA (Rs. 5),NOS,5.0,3.0,15.0
682,AKASH,29,2021-12-05 18:11:00,CREDIT,338.0,1,67: OIL HAPPY MITHA 2 LTR (Rs. 270),CAN,270.0,1.0,270.0
682,AKASH,29,2021-12-05 18:11:00,CREDIT,338.0,2,Wheel surf ,GRAM,48.0,1.0,48.0
682,AKASH,29,2021-12-05 18:11:00,CREDIT,338.0,3,Sonpapdi,NOS,5.0,2.0,10.0
682,AKASH,29,2021-12-05 18:11:00,CREDIT,338.0,4,37: GUTKHA (Rs. 5),NOS,5.0,2.0,10.0
761,AKASH,29,2021-12-06 23:51:00,CREDIT,80.0,1,Gud night,KG,80.0,1.0,80.0
844,AKASH,29,2021-12-08 21:36:00,CREDIT,50.0,1,Sewai,PACKET,15.0,1.0,15.0
844,AKASH,29,2021-12-08 21:36:00,CREDIT,50.0,2,100: VIM SOAP (Rs. 10),NOS,10.0,1.0,10.0
844,AKASH,29,2021-12-08 21:36:00,CREDIT,50.0,3,110: MAWA (Rs. 10),NOS,10.0,2.0,20.0
844,AKASH,29,2021-12-08 21:36:00,CREDIT,50.0,4,104: CHIKKI (Rs. 5),NOS,5.0,1.0,5.0
904,AKASH,29,2021-12-09 23:16:00,CREDIT,24.0,1,33: EGG (Rs. 7),NOS,7.0,2.0,14.0
904,AKASH,29,2021-12-09 23:16:00,CREDIT,24.0,2,110: MAWA (Rs. 10),NOS,10.0,1.0,10.0
966,AKASH,29,2021-12-11 23:21:00,CREDIT,330.0,1,4: AATTA PLASTIC 5KG (Rs. 140),PACKET,140.0,1.0,140.0
966,AKASH,29,2021-12-11 23:21:00,CREDIT,330.0,2,87: RICE SHIVLING (Rs. 36),KG,36.0,5.0,180.0
966,AKASH,29,2021-12-11 23:21:00,CREDIT,330.0,3,37: GUTKHA (Rs. 5),NOS,5.0,2.0,10.0
987,AKASH,29,2021-12-12 12:48:00,CREDIT,20.0,1,102: WAFERS (Rs. 5),PACKET,5.0,2.0,10.0
987,AKASH,29,2021-12-12 12:48:00,CREDIT,20.0,2,110: MAWA (Rs. 10),NOS,10.0,1.0,10.0
1013,AKASH,29,2021-12-12 23:43:00,CREDIT,140.0,1,102: WAFERS (Rs. 5),PACKET,5.0,2.0,10.0
1013,AKASH,29,2021-12-12 23:43:00,CREDIT,140.0,2,Dary milk,NOS,5.0,2.0,10.0
1013,AKASH,29,2021-12-12 23:43:00,CREDIT,140.0,3,54: MASALA EVEREST CHICKEN 8 GM (Rs. 5),KG,5.0,2.0,10.0
1013,AKASH,29,2021-12-12 23:43:00,CREDIT,140.0,4,113: TEJPATTA (Rs. 5),NOS,5.0,1.0,5.0
1013,AKASH,29,2021-12-12 23:43:00,CREDIT,140.0,5,99: TUAR DAL (Rs. 105),KG,105.0,1.0,105.0
1062,AKASH,29,2021-12-13 23:32:00,CREDIT,85.0,1,Merigold Biscuit 350 g.,PACKET,45.0,1.0,45.0
1062,AKASH,29,2021-12-13 23:32:00,CREDIT,85.0,2,79: ONION (Rs. 40),KG,40.0,1.0,40.0
1095,AKASH,29,2021-12-14 21:49:00,CREDIT,305.0,1,102: WAFERS (Rs. 5),PACKET,5.0,2.0,10.0
1095,AKASH,29,2021-12-14 21:49:00,CREDIT,305.0,2,67: OIL HAPPY MITHA 2 LTR (Rs. 270),CAN,270.0,1.0,270.0
1095,AKASH,29,2021-12-14 21:49:00,CREDIT,305.0,3,37: GUTKHA (Rs. 5),NOS,5.0,2.0,10.0
1095,AKASH,29,2021-12-14 21:49:00,CREDIT,305.0,4,Sewai,PACKET,15.0,1.0,15.0
1154,AKASH,29,2021-12-15 23:14:00,CREDIT,38.0,1,33: EGG (Rs. 7),NOS,7.0,4.0,28.0
1154,AKASH,29,2021-12-15 23:14:00,CREDIT,38.0,2,37: GUTKHA (Rs. 5),NOS,5.0,2.0,10.0
1326,AKASH,29,2021-12-19 23:18:00,CREDIT,363.0,1,87: RICE SHIVLING (Rs. 36),KG,36.0,5.0,180.0
1326,AKASH,29,2021-12-19 23:18:00,CREDIT,363.0,2,4: AATTA PLASTIC 5KG (Rs. 140),PACKET,140.0,1.0,140.0
1326,AKASH,29,2021-12-19 23:18:00,CREDIT,363.0,3,5: ACID (Rs. 18),BOTTLE,18.0,1.0,18.0
1326,AKASH,29,2021-12-19 23:18:00,CREDIT,363.0,4,102: WAFERS (Rs. 5),PACKET,5.0,2.0,10.0
1326,AKASH,29,2021-12-19 23:18:00,CREDIT,363.0,5,110: MAWA (Rs. 10),NOS,10.0,1.0,10.0
1326,AKASH,29,2021-12-19 23:18:00,CREDIT,363.0,6,111: CIGGARATE (Rs. 5),NOS,5.0,1.0,5.0
1348,AKASH,29,2021-12-21 21:42:00,CREDIT,157.0,1,chini 500,GRAM,22.0,1.0,22.0
1348,AKASH,29,2021-12-21 21:42:00,CREDIT,157.0,2,92: SOAP WASHING (Rs. 10),NOS,10.0,2.0,20.0
1348,AKASH,29,2021-12-21 21:42:00,CREDIT,157.0,3,Chai 100,PACKET,40.0,1.0,40.0
1348,AKASH,29,2021-12-21 21:42:00,CREDIT,157.0,4,Merigold biscut,PACKET,45.0,1.0,45.0
1348,AKASH,29,2021-12-21 21:42:00,CREDIT,157.0,5,Cadboury,PACKET,10.0,2.0,20.0
1348,AKASH,29,2021-12-21 21:42:00,CREDIT,157.0,6,37: GUTKHA (Rs. 5),NOS,5.0,2.0,10.0
1509,AKASH,29,2021-12-24 21:54:00,CREDIT,410.0,1,Namak,NOS,10.0,1.0,10.0
1509,AKASH,29,2021-12-24 21:54:00,CREDIT,410.0,2,Meri gold,PACKET,45.0,1.0,45.0
1509,AKASH,29,2021-12-24 21:54:00,CREDIT,410.0,3,71: OIL HAPPY SARSO 2 LTR (Rs. 270),CAN,270.0,1.0,270.0
1509,AKASH,29,2021-12-24 21:54:00,CREDIT,410.0,4,43: JASMIN OIL (Rs. 85),BOTTLE,85.0,1.0,85.0
1564,AKASH,29,2021-12-25 21:20:00,CREDIT,62.0,1, Wafer,PACKET,5.0,2.0,10.0
1564,AKASH,29,2021-12-25 21:20:00,CREDIT,62.0,2,Surf 1kg,PACKET,52.0,1.0,52.0
1620,AKASH,29,2021-12-26 21:37:00,CREDIT,135.0,1,Dal 1 kg,KG,100.0,1.0,100.0
1620,AKASH,29,2021-12-26 21:37:00,CREDIT,135.0,2,62: NAMKEEN 100GM (Rs. 15),GRAM,15.0,1.0,15.0
1620,AKASH,29,2021-12-26 21:37:00,CREDIT,135.0,3,H.s shampoo,NOS,2.0,10.0,20.0
1621,AKASH,29,2021-12-26 21:38:00,CREDIT,140.0,1,4: AATTA PLASTIC 5KG (Rs. 140),PACKET,140.0,1.0,140.0
1706,AKASH,29,2021-12-28 21:27:00,CREDIT,40.0,1,99: VIM SOAP (Rs. 10),NOS,10.0,1.0,10.0
1706,AKASH,29,2021-12-28 21:27:00,CREDIT,40.0,2,Machis ,PACKET,10.0,1.0,10.0
1706,AKASH,29,2021-12-28 21:27:00,CREDIT,40.0,3,101: WAFERS (Rs. 5),PACKET,5.0,2.0,10.0
1706,AKASH,29,2021-12-28 21:27:00,CREDIT,40.0,4,109: MAWA (Rs. 10),NOS,10.0,1.0,10.0
1739,AKASH,29,2021-12-29 20:21:00,CREDIT,172.0,1,2: AALOO (Rs. 20),KG,20.0,1.0,20.0
1739,AKASH,29,2021-12-29 20:21:00,CREDIT,172.0,2,78: ONION (Rs. 35),KG,35.0,1.0,35.0
1739,AKASH,29,2021-12-29 20:21:00,CREDIT,172.0,3,MeriGold,PACKET,45.0,1.0,45.0
1739,AKASH,29,2021-12-29 20:21:00,CREDIT,172.0,4,Satu,PACKET,25.0,1.0,25.0
1739,AKASH,29,2021-12-29 20:21:00,CREDIT,172.0,5,Tost,PACKET,47.0,1.0,47.0
1756,AKASH,29,2021-12-29 21:01:00,CREDIT,20.0,1,101: WAFERS (Rs. 5),PACKET,5.0,2.0,10.0
1756,AKASH,29,2021-12-29 21:01:00,CREDIT,20.0,2,37: GUTKHA (Rs. 5),NOS,5.0,2.0,10.0
1798,AKASH,29,2021-12-30 21:58:00,CREDIT,45.0,1,101: WAFERS (Rs. 5),PACKET,5.0,2.0,10.0
1798,AKASH,29,2021-12-30 21:58:00,CREDIT,45.0,2,37: GUTKHA (Rs. 5),NOS,5.0,2.0,10.0
1798,AKASH,29,2021-12-30 21:58:00,CREDIT,45.0,3,61: NAMKEEN 100GM (Rs. 15),GRAM,15.0,1.0,15.0
1798,AKASH,29,2021-12-30 21:58:00,CREDIT,45.0,4,Bora,NOS,10.0,1.0,10.0
1839,AKASH,29,2021-12-31 23:43:00,CREDIT,79.0,1,Maida,PACKET,25.0,1.0,25.0
1839,AKASH,29,2021-12-31 23:43:00,CREDIT,79.0,2,33: EGG (Rs. 7),NOS,7.0,2.0,14.0
1839,AKASH,29,2021-12-31 23:43:00,CREDIT,79.0,3,37: GUTKHA (Rs. 5),NOS,5.0,2.0,10.0
1839,AKASH,29,2021-12-31 23:43:00,CREDIT,79.0,4,101: WAFERS (Rs. 5),PACKET,5.0,2.0,10.0
1839,AKASH,29,2021-12-31 23:43:00,CREDIT,79.0,5,Penda,NOS,5.0,2.0,10.0
1839,AKASH,29,2021-12-31 23:43:00,CREDIT,79.0,6,9: BISCUITS (Rs. 5),PACKET,5.0,2.0,10.0
1930,AKASH,29,2022-01-02 21:34:00,CREDIT,535.0,1,66: OIL HAPPY MITHA 2 LTR (Rs. 265),CAN,265.0,1.0,265.0
1930,AKASH,29,2022-01-02 21:34:00,CREDIT,535.0,2,90: SHAMPOO (Rs. 1),PACKET,1.0,10.0,10.0
1930,AKASH,29,2022-01-02 21:34:00,CREDIT,535.0,3,37: GUTKHA (Rs. 5),NOS,5.0,2.0,10.0
1930,AKASH,29,2022-01-02 21:34:00,CREDIT,535.0,4,109: MAWA (Rs. 10),NOS,10.0,1.0,10.0
1930,AKASH,29,2022-01-02 21:34:00,CREDIT,535.0,5,53: MASALA EVEREST CHICKEN 8 GM (Rs. 5),KG,5.0,2.0,10.0
1930,AKASH,29,2022-01-02 21:34:00,CREDIT,535.0,6,9: BISCUITS (Rs. 5),PACKET,5.0,2.0,10.0
1930,AKASH,29,2022-01-02 21:34:00,CREDIT,535.0,7,86: RICE SHIVLING (Rs. 36),KG,36.0,5.0,180.0
1930,AKASH,29,2022-01-02 21:34:00,CREDIT,535.0,8,Sprait750ml,BOTTLE,40.0,1.0,40.0
1985,AKASH,29,2022-01-03 21:37:00,CREDIT,34.0,1,33: EGG (Rs. 7),NOS,7.0,2.0,14.0
1985,AKASH,29,2022-01-03 21:37:00,CREDIT,34.0,2,37: GUTKHA (Rs. 5),NOS,5.0,2.0,10.0
1985,AKASH,29,2022-01-03 21:37:00,CREDIT,34.0,3,9: BISCUITS (Rs. 5),PACKET,5.0,2.0,10.0
2020,AKASH,29,2022-01-04 20:43:00,CREDIT,330.0,1,77: OIL TEJ SARSO 500 ML (Rs. 130),BOTTLE,130.0,1.0,130.0
2020,AKASH,29,2022-01-04 20:43:00,CREDIT,330.0,2,Sewai,PACKET,15.0,1.0,15.0
2020,AKASH,29,2022-01-04 20:43:00,CREDIT,330.0,3,4: AATTA PLASTIC 5KG (Rs. 140),PACKET,140.0,1.0,140.0
2020,AKASH,29,2022-01-04 20:43:00,CREDIT,330.0,4,91: SOAP WASHING (Rs. 10),NOS,10.0,1.0,10.0
2020,AKASH,29,2022-01-04 20:43:00,CREDIT,330.0,5,Machis,PACKET,10.0,1.0,10.0
2020,AKASH,29,2022-01-04 20:43:00,CREDIT,330.0,6,Mombati,NOS,5.0,1.0,5.0
2020,AKASH,29,2022-01-04 20:43:00,CREDIT,330.0,7,2: AALOO (Rs. 20),KG,20.0,1.0,20.0
2040,AKASH,29,2022-01-05 19:02:00,CREDIT,30.0,1,9: BISCUITS (Rs. 5),PACKET,5.0,2.0,10.0
2040,AKASH,29,2022-01-05 19:02:00,CREDIT,30.0,2,102: MAGGIE (Rs. 10),PACKET,10.0,2.0,20.0
2064,AKASH,29,2022-01-05 20:52:00,CREDIT,25.0,1,37: GUTKHA (Rs. 5),NOS,5.0,3.0,15.0
2064,AKASH,29,2022-01-05 20:52:00,CREDIT,25.0,2,9: BISCUITS (Rs. 5),PACKET,5.0,2.0,10.0
2140,AKASH,29,2022-01-06 20:01:00,CREDIT,75.0,1,Pow,PACKET,15.0,1.0,15.0
2140,AKASH,29,2022-01-06 20:01:00,CREDIT,75.0,2,9: BISCUITS (Rs. 5),PACKET,5.0,2.0,10.0
2140,AKASH,29,2022-01-06 20:01:00,CREDIT,75.0,3,Rawa,PACKET,25.0,1.0,25.0
2140,AKASH,29,2022-01-06 20:01:00,CREDIT,75.0,4,10: CAKE (Rs. 5),NOS,5.0,2.0,10.0
2140,AKASH,29,2022-01-06 20:01:00,CREDIT,75.0,5,37: GUTKHA (Rs. 5),NOS,5.0,3.0,15.0
2351,AKASH,29,2022-01-10 22:08:00,CREDIT,193.0,1,102: MAGGIE (Rs. 10),PACKET,10.0,1.0,10.0
2351,AKASH,29,2022-01-10 22:08:00,CREDIT,193.0,2,91: SOAP WASHING (Rs. 10),NOS,10.0,3.0,30.0
2351,AKASH,29,2022-01-10 22:08:00,CREDIT,193.0,3,Agarbatti,PACKET,35.0,1.0,35.0
2351,AKASH,29,2022-01-10 22:08:00,CREDIT,193.0,4,9: BISCUITS (Rs. 5),PACKET,5.0,2.0,10.0
2351,AKASH,29,2022-01-10 22:08:00,CREDIT,193.0,5,Jeebhi,NOS,8.0,1.0,8.0
2351,AKASH,29,2022-01-10 22:08:00,CREDIT,193.0,6,Ponds,NOS,85.0,1.0,85.0
2351,AKASH,29,2022-01-10 22:08:00,CREDIT,193.0,7,37: GUTKHA (Rs. 5),NOS,5.0,3.0,15.0
2452,AKASH,29,2022-01-12 23:41:00,CREDIT,540.0,1,86: RICE SHIVLING (Rs. 36),KG,36.0,5.0,180.0
2452,AKASH,29,2022-01-12 23:41:00,CREDIT,540.0,2,98: TUAR DAL (Rs. 100),KG,100.0,1.0,100.0
2452,AKASH,29,2022-01-12 23:41:00,CREDIT,540.0,3,78: ONION (Rs. 35),KG,35.0,1.0,35.0
2452,AKASH,29,2022-01-12 23:41:00,CREDIT,540.0,4,4: AATTA PLASTIC 5KG (Rs. 140),PACKET,140.0,1.0,140.0
2452,AKASH,29,2022-01-12 23:41:00,CREDIT,540.0,5,33: EGG (Rs. 7),NOS,7.0,5.0,35.0
2452,AKASH,29,2022-01-12 23:41:00,CREDIT,540.0,6,103: CHIKKI (Rs. 5),NOS,5.0,1.0,5.0
2452,AKASH,29,2022-01-12 23:41:00,CREDIT,540.0,7,Merigold,PACKET,45.0,1.0,45.0
2481,AKASH,29,2022-01-13 23:07:00,CREDIT,368.0,1,Mamra,PACKET,35.0,1.0,35.0
2481,AKASH,29,2022-01-13 23:07:00,CREDIT,368.0,2,Gud250,GRAM,12.0,1.0,12.0
2481,AKASH,29,2022-01-13 23:07:00,CREDIT,368.0,3,31: DOVE SHAMPOO (Rs. 2),PACKET,2.0,5.0,10.0
2481,AKASH,29,2022-01-13 23:07:00,CREDIT,368.0,4,16: CHOCOLATE (Rs. 1),NOS,1.0,20.0,20.0
2481,AKASH,29,2022-01-13 23:07:00,CREDIT,368.0,5,37: GUTKHA (Rs. 5),NOS,5.0,4.0,20.0
2481,AKASH,29,2022-01-13 23:07:00,CREDIT,368.0,6,70: OIL HAPPY SARSO 2 LTR (Rs. 265),CAN,265.0,1.0,265.0
2481,AKASH,29,2022-01-13 23:07:00,CREDIT,368.0,7,Singdana 50,GRAM,6.0,1.0,6.0
2522,AKASH,29,2022-01-14 21:03:00,CREDIT,55.0,1,116: GUD 100 GM (Rs. 5),GRAM,5.0,2.0,10.0
2522,AKASH,29,2022-01-14 21:03:00,CREDIT,55.0,2,16: CHOCOLATE (Rs. 1),NOS,1.0,10.0,10.0
2522,AKASH,29,2022-01-14 21:03:00,CREDIT,55.0,3,127: MESH (Rs. 10),NOS,10.0,1.0,10.0
2522,AKASH,29,2022-01-14 21:03:00,CREDIT,55.0,4,59: MOMBATTI (Rs. 10),NOS,10.0,2.0,20.0
2522,AKASH,29,2022-01-14 21:03:00,CREDIT,55.0,5,37: GUTKHA (Rs. 5),NOS,5.0,1.0,5.0
2598,AKASH,29,2022-01-15 20:19:00,CREDIT,80.0,1,2: AALOO (Rs. 20),KG,20.0,1.0,20.0
2598,AKASH,29,2022-01-15 20:19:00,CREDIT,80.0,2,Lahsun250g,GRAM,25.0,1.0,25.0
2598,AKASH,29,2022-01-15 20:19:00,CREDIT,80.0,3,9: BISCUITS (Rs. 5),PACKET,5.0,2.0,10.0
2598,AKASH,29,2022-01-15 20:19:00,CREDIT,80.0,4,Kharising100g,GRAM,15.0,1.0,15.0
2598,AKASH,29,2022-01-15 20:19:00,CREDIT,80.0,5,37: GUTKHA (Rs. 5),NOS,5.0,2.0,10.0
2700,AKASH,29,2022-01-17 22:13:00,CREDIT,30.0,1,9: BISCUITS (Rs. 5),PACKET,5.0,2.0,10.0
2700,AKASH,29,2022-01-17 22:13:00,CREDIT,30.0,2,59: MOMBATTI (Rs. 10),NOS,10.0,1.0,10.0
2700,AKASH,29,2022-01-17 22:13:00,CREDIT,30.0,3,37: GUTKHA (Rs. 5),NOS,5.0,2.0,10.0
2725,AKASH,29,2022-01-18 18:29:00,CREDIT,84.0,1,147: SURF WHEEL 1KG (Rs. 52),PACKET,52.0,1.0,52.0
2725,AKASH,29,2022-01-18 18:29:00,CREDIT,84.0,2,Chini500g,GRAM,22.0,1.0,22.0
2725,AKASH,29,2022-01-18 18:29:00,CREDIT,84.0,3,101: WAFERS (Rs. 5),PACKET,5.0,2.0,10.0
2756,AKASH,29,2022-01-18 21:41:00,CREDIT,65.0,1,33: EGG (Rs. 7),NOS,7.0,5.0,35.0
2756,AKASH,29,2022-01-18 21:41:00,CREDIT,65.0,2,9: BISCUITS (Rs. 5),PACKET,5.0,2.0,10.0
2756,AKASH,29,2022-01-18 21:41:00,CREDIT,65.0,3,101: WAFERS (Rs. 5),PACKET,5.0,2.0,10.0
2756,AKASH,29,2022-01-18 21:41:00,CREDIT,65.0,4,37: GUTKHA (Rs. 5),NOS,5.0,2.0,10.0
2778,AKASH,29,2022-01-19 09:35:00,CREDIT,38.0,1,MeryBiscuit,PACKET,23.0,1.0,23.0
2778,AKASH,29,2022-01-19 09:35:00,CREDIT,38.0,2,Lolipop,NOS,2.0,5.0,10.0
2778,AKASH,29,2022-01-19 09:35:00,CREDIT,38.0,3,37: GUTKHA (Rs. 5),NOS,5.0,1.0,5.0
2822,AKASH,29,2022-01-19 22:10:00,CREDIT,96.0,1,2: AALOO (Rs. 20),KG,20.0,1.0,20.0
2822,AKASH,29,2022-01-19 22:10:00,CREDIT,96.0,2,Merigold,PACKET,23.0,1.0,23.0
2822,AKASH,29,2022-01-19 22:10:00,CREDIT,96.0,3,37: GUTKHA (Rs. 5),NOS,5.0,3.0,15.0
2822,AKASH,29,2022-01-19 22:10:00,CREDIT,96.0,4,Lolipop,NOS,2.0,5.0,10.0
2822,AKASH,29,2022-01-19 22:10:00,CREDIT,96.0,5,33: EGG (Rs. 7),NOS,7.0,4.0,28.0
2896,AKASH,29,2022-01-21 23:00:00,CREDIT,306.0,1,Sarsopila100,GRAM,16.0,1.0,16.0
2896,AKASH,29,2022-01-21 23:00:00,CREDIT,306.0,2,Kismis250g,GRAM,70.0,1.0,70.0
2896,AKASH,29,2022-01-21 23:00:00,CREDIT,306.0,3,Bati,PACKET,10.0,1.0,10.0
2896,AKASH,29,2022-01-21 23:00:00,CREDIT,306.0,4,Kaju100,PACKET,65.0,1.0,65.0
2896,AKASH,29,2022-01-21 23:00:00,CREDIT,306.0,5,4: AATTA PLASTIC 5KG (Rs. 140),PACKET,140.0,1.0,140.0
2896,AKASH,29,2022-01-21 23:00:00,CREDIT,306.0,6,Penda,NOS,5.0,1.0,5.0
2999,AKASH,29,2022-01-23 23:10:00,CREDIT,136.0,1,78: ONION (Rs. 35),KG,35.0,1.0,35.0
2999,AKASH,29,2022-01-23 23:10:00,CREDIT,136.0,2,Lahsun250g,GRAM,25.0,1.0,25.0
2999,AKASH,29,2022-01-23 23:10:00,CREDIT,136.0,3,9: BISCUITS (Rs. 5),PACKET,5.0,2.0,10.0
2999,AKASH,29,2022-01-23 23:10:00,CREDIT,136.0,4,33: EGG (Rs. 7),NOS,7.0,8.0,56.0
2999,AKASH,29,2022-01-23 23:10:00,CREDIT,136.0,5,37: GUTKHA (Rs. 5),NOS,5.0,2.0,10.0
3017,AKASH,29,2022-01-24 18:42:00,CREDIT,43.0,1,Tost,PACKET,28.0,1.0,28.0
3017,AKASH,29,2022-01-24 18:42:00,CREDIT,43.0,2,Cadboury,NOS,5.0,2.0,10.0
3017,AKASH,29,2022-01-24 18:42:00,CREDIT,43.0,3,37: GUTKHA (Rs. 5),NOS,5.0,1.0,5.0
3061,AKASH,29,2022-01-24 23:44:00,CREDIT,55.0,1,37: GUTKHA (Rs. 5),NOS,5.0,2.0,10.0
3061,AKASH,29,2022-01-24 23:44:00,CREDIT,55.0,2,101: WAFERS (Rs. 5),PACKET,5.0,1.0,5.0
3061,AKASH,29,2022-01-24 23:44:00,CREDIT,55.0,3,Kharising,GRAM,15.0,1.0,15.0
3061,AKASH,29,2022-01-24 23:44:00,CREDIT,55.0,4,Sewai,PACKET,15.0,1.0,15.0
3061,AKASH,29,2022-01-24 23:44:00,CREDIT,55.0,5,9: BISCUITS (Rs. 5),PACKET,5.0,2.0,10.0
3065,AKASH,29,2022-01-25 18:30:00,CREDIT,267.0,1,70: OIL HAPPY SARSO 2 LTR (Rs. 265),CAN,265.0,1.0,265.0
3065,AKASH,29,2022-01-25 18:30:00,CREDIT,267.0,2,16: CHOCOLATE (Rs. 1),NOS,1.0,2.0,2.0
3236,AKASH,29,2022-01-28 21:58:00,CREDIT,55.0,1,Merigold,PACKET,45.0,1.0,45.0
3236,AKASH,29,2022-01-28 21:58:00,CREDIT,55.0,2,37: GUTKHA (Rs. 5),NOS,5.0,2.0,10.0
3251,AKASH,29,2022-01-29 20:47:00,CREDIT,142.0,1,34: GLORY SOAP (Rs. 25),NOS,25.0,1.0,25.0
3251,AKASH,29,2022-01-29 20:47:00,CREDIT,142.0,2,16: CHOCOLATE (Rs. 1),NOS,1.0,5.0,5.0
3251,AKASH,29,2022-01-29 20:47:00,CREDIT,142.0,3,Tata,PACKET,22.0,1.0,22.0
3251,AKASH,29,2022-01-29 20:47:00,CREDIT,142.0,4,MortinL,PACKET,75.0,1.0,75.0
3251,AKASH,29,2022-01-29 20:47:00,CREDIT,142.0,5,Lolipop2,NOS,10.0,1.0,10.0
3251,AKASH,29,2022-01-29 20:47:00,CREDIT,142.0,6,Hajmola,NOS,1.0,5.0,5.0
3324,AKASH,29,2022-01-30 23:22:00,CREDIT,477.0,1,4: AATTA PLASTIC 5KG (Rs. 140),PACKET,140.0,1.0,140.0
3324,AKASH,29,2022-01-30 23:22:00,CREDIT,477.0,2,86: RICE SHIVLING (Rs. 36),KG,36.0,5.0,180.0
3324,AKASH,29,2022-01-30 23:22:00,CREDIT,477.0,3,Dal1kg,KG,98.0,1.0,98.0
3324,AKASH,29,2022-01-30 23:22:00,CREDIT,477.0,4,101: WAFERS (Rs. 5),PACKET,5.0,2.0,10.0
3324,AKASH,29,2022-01-30 23:22:00,CREDIT,477.0,5,Kharising100,GRAM,15.0,1.0,15.0
3324,AKASH,29,2022-01-30 23:22:00,CREDIT,477.0,6,101: WAFERS (Rs. 5),PACKET,5.0,2.0,10.0
3324,AKASH,29,2022-01-30 23:22:00,CREDIT,477.0,7,33: EGG (Rs. 7),NOS,7.0,2.0,14.0
3324,AKASH,29,2022-01-30 23:22:00,CREDIT,477.0,8,37: GUTKHA (Rs. 5),NOS,5.0,2.0,10.0
3369,AKASH,29,2022-01-31 23:29:00,CREDIT,65.0,1,Biscutmeri,PACKET,45.0,1.0,45.0
3369,AKASH,29,2022-01-31 23:29:00,CREDIT,65.0,2,101: WAFERS (Rs. 5),PACKET,5.0,2.0,10.0
3369,AKASH,29,2022-01-31 23:29:00,CREDIT,65.0,3,37: GUTKHA (Rs. 5),NOS,5.0,1.0,5.0
3369,AKASH,29,2022-01-31 23:29:00,CREDIT,65.0,4,9: BISCUITS (Rs. 5),PACKET,5.0,1.0,5.0
3434,AKASH,29,2022-02-02 18:31:00,CREDIT,130.0,1,Tost250,PACKET,28.0,1.0,28.0
3434,AKASH,29,2022-02-02 18:31:00,CREDIT,130.0,2,Maggi,PACKET,11.0,2.0,22.0
3434,AKASH,29,2022-02-02 18:31:00,CREDIT,130.0,3,6: AGARBATTI (Rs. 70),PACKET,70.0,1.0,70.0
3434,AKASH,29,2022-02-02 18:31:00,CREDIT,130.0,4,101: WAFERS (Rs. 5),PACKET,5.0,2.0,10.0
3508,AKASH,29,2022-02-03 21:23:00,CREDIT,122.0,1,Merigold,PACKET,45.0,1.0,45.0
3508,AKASH,29,2022-02-03 21:23:00,CREDIT,122.0,2,37: GUTKHA (Rs. 5),NOS,5.0,2.0,10.0
3508,AKASH,29,2022-02-03 21:23:00,CREDIT,122.0,3,Sewai,PACKET,15.0,1.0,15.0
3508,AKASH,29,2022-02-03 21:23:00,CREDIT,122.0,4,Chini500,GRAM,22.0,1.0,22.0
3508,AKASH,29,2022-02-03 21:23:00,CREDIT,122.0,5,Tajachai100,PACKET,30.0,1.0,30.0
3557,AKASH,29,2022-02-04 21:55:00,CREDIT,310.0,1,70: OIL HAPPY SARSO 2 LTR (Rs. 265),CAN,265.0,1.0,265.0
3557,AKASH,29,2022-02-04 21:55:00,CREDIT,310.0,2,Maida500,GRAM,35.0,1.0,35.0
3557,AKASH,29,2022-02-04 21:55:00,CREDIT,310.0,3,16: CHOCOLATE (Rs. 1),NOS,1.0,10.0,10.0
3656,AKASH,29,2022-02-06 21:39:00,CREDIT,20.0,1,Biscuit,PACKET,10.0,1.0,10.0
3656,AKASH,29,2022-02-06 21:39:00,CREDIT,20.0,2,Machis,PACKET,10.0,1.0,10.0
3728,AKASH,29,2022-02-08 21:00:00,CREDIT,90.0,1,Tost,PACKET,28.0,1.0,28.0
3728,AKASH,29,2022-02-08 21:00:00,CREDIT,90.0,2,147: SURF WHEEL 1KG (Rs. 52),PACKET,52.0,1.0,52.0
3728,AKASH,29,2022-02-08 21:00:00,CREDIT,90.0,3,16: CHOCOLATE (Rs. 1),NOS,1.0,10.0,10.0
3799,AKASH,29,2022-02-09 23:24:00,CREDIT,385.0,1,Saman,NOS,385.0,1.0,385.0
3936,AKASH,29,2022-02-12 22:01:00,CREDIT,70.0,1,78: ONION (Rs. 35),KG,35.0,1.0,35.0
3936,AKASH,29,2022-02-12 22:01:00,CREDIT,70.0,2,61: NAMKEEN 100GM (Rs. 15),GRAM,15.0,1.0,15.0
3936,AKASH,29,2022-02-12 22:01:00,CREDIT,70.0,3,101: WAFERS (Rs. 5),PACKET,5.0,2.0,10.0
3936,AKASH,29,2022-02-12 22:01:00,CREDIT,70.0,4,37: GUTKHA (Rs. 5),NOS,5.0,2.0,10.0
3979,AKASH,29,2022-02-13 22:01:00,CREDIT,20.0,1,16: CHOCOLATE (Rs. 1),NOS,1.0,10.0,10.0
3979,AKASH,29,2022-02-13 22:01:00,CREDIT,20.0,2,37: GUTKHA (Rs. 5),NOS,5.0,2.0,10.0
3133,CHANDAN,168,2022-01-26 21:40:00,CREDIT,15.0,1,109: MAWA (Rs. 10),NOS,10.0,1.0,10.0
3133,CHANDAN,168,2022-01-26 21:40:00,CREDIT,15.0,2,Elaichi,PACKET,5.0,1.0,5.0
3146,CHANDAN,168,2022-01-26 23:10:00,CREDIT,10.0,1,97: TOBACCO (Rs. 5),PACKET,5.0,1.0,5.0
3146,CHANDAN,168,2022-01-26 23:10:00,CREDIT,10.0,2,Ladu,NOS,5.0,1.0,5.0
3211,CHANDAN,168,2022-01-28 21:09:00,CREDIT,50.0,1,Gudrej,PACKET,20.0,1.0,20.0
3211,CHANDAN,168,2022-01-28 21:09:00,CREDIT,50.0,2,Laddu,NOS,5.0,3.0,15.0
3211,CHANDAN,168,2022-01-28 21:09:00,CREDIT,50.0,3,109: MAWA (Rs. 10),NOS,10.0,1.0,10.0
3211,CHANDAN,168,2022-01-28 21:09:00,CREDIT,50.0,4,97: TOBACCO (Rs. 5),PACKET,5.0,1.0,5.0
3267,CHANDAN,168,2022-01-29 22:01:00,CREDIT,15.0,1,Laddu,NOS,5.0,2.0,10.0
3267,CHANDAN,168,2022-01-29 22:01:00,CREDIT,15.0,2,101: WAFERS (Rs. 5),PACKET,5.0,1.0,5.0
3356,CHANDAN,168,2022-01-31 21:57:00,CREDIT,31.0,1,Laddu,NOS,5.0,3.0,15.0
3356,CHANDAN,168,2022-01-31 21:57:00,CREDIT,31.0,2,109: MAWA (Rs. 10),NOS,10.0,1.0,10.0
3356,CHANDAN,168,2022-01-31 21:57:00,CREDIT,31.0,3,T.L,NOS,6.0,1.0,6.0
3428,CHANDAN,168,2022-02-02 17:46:00,CREDIT,21.0,1,Mawa.T.lV2,NOS,21.0,1.0,21.0
3542,CHANDAN,168,2022-02-04 21:28:00,CREDIT,61.0,1,31: DOVE SHAMPOO (Rs. 2),PACKET,2.0,2.0,4.0
3542,CHANDAN,168,2022-02-04 21:28:00,CREDIT,61.0,2,109: MAWA (Rs. 10),NOS,10.0,1.0,10.0
3542,CHANDAN,168,2022-02-04 21:28:00,CREDIT,61.0,3,To.Elai.L,NOS,12.0,1.0,12.0
3542,CHANDAN,168,2022-02-04 21:28:00,CREDIT,61.0,4,Case,NOS,30.0,1.0,30.0
3542,CHANDAN,168,2022-02-04 21:28:00,CREDIT,61.0,5,100: VIMAL (Rs. 5),NOS,5.0,1.0,5.0
3575,CHANDAN,168,2022-02-05 20:20:00,CREDIT,20.0,1,Onion500,GRAM,15.0,1.0,15.0
3575,CHANDAN,168,2022-02-05 20:20:00,CREDIT,20.0,2,100: VIMAL (Rs. 5),NOS,5.0,1.0,5.0
3734,CHANDAN,168,2022-02-08 21:31:00,CREDIT,10.0,1,Laddu,NOS,5.0,2.0,10.0
3788,CHANDAN,168,2022-02-09 23:01:00,CREDIT,16.0,1,Mitha.Tob.L,NOS,16.0,1.0,16.0
3859,CHANDAN,168,2022-02-10 23:21:00,CREDIT,25.0,1,109: MAWA (Rs. 10),NOS,10.0,2.0,20.0
3859,CHANDAN,168,2022-02-10 23:21:00,CREDIT,25.0,2,Elaichi,PACKET,5.0,1.0,5.0
3878,CHANDAN,168,2022-02-11 19:34:00,CREDIT,20.0,1,135: SURF 80 GM (Rs. 10),PACKET,10.0,1.0,10.0
3878,CHANDAN,168,2022-02-11 19:34:00,CREDIT,20.0,2,109: MAWA (Rs. 10),NOS,10.0,1.0,10.0
3949,CHANDAN,168,2022-02-12 23:42:00,CREDIT,15.0,1,109: MAWA (Rs. 10),NOS,10.0,1.0,10.0
3949,CHANDAN,168,2022-02-12 23:42:00,CREDIT,15.0,2,Elaichi,PACKET,5.0,1.0,5.0
471,SUJIT KUMAR,69,2021-11-26 18:24:00,CREDIT,628.0,1,Past Balance,NOS,253.0,1.0,253.0
471,SUJIT KUMAR,69,2021-11-26 18:24:00,CREDIT,628.0,2,SARSO HAPPY,CAN,265.0,1.0,265.0
471,SUJIT KUMAR,69,2021-11-26 18:24:00,CREDIT,628.0,3,99: VIM SOAP (Rs. 10),NOS,10.0,1.0,10.0
471,SUJIT KUMAR,69,2021-11-26 18:24:00,CREDIT,628.0,4,23: DAL MOONG 500 (Rs. 100),KG,100.0,1.0,100.0
472,SUJIT KUMAR,69,2021-11-27 13:03:00,CREDIT,20.0,1,92: SOYABEAN (Rs. 10),PACKET,10.0,2.0,20.0
668,SUJIT KUMAR,69,2021-12-05 17:35:00,CREDIT,315.0,1,4: AATTA PLASTIC 5KG (Rs. 140),PACKET,140.0,1.0,140.0
668,SUJIT KUMAR,69,2021-12-05 17:35:00,CREDIT,315.0,2,70: OIL HAPPY SARSO 1 LTR (Rs. 135),BOTTLE,135.0,1.0,135.0
668,SUJIT KUMAR,69,2021-12-05 17:35:00,CREDIT,315.0,3,Poha,GRAM,20.0,1.0,20.0
668,SUJIT KUMAR,69,2021-12-05 17:35:00,CREDIT,315.0,4,104: CHIKKI (Rs. 5),NOS,5.0,4.0,20.0
735,SUJIT KUMAR,69,2021-12-06 18:03:00,CREDIT,63.0,1,33: EGG (Rs. 7),NOS,7.0,4.0,28.0
735,SUJIT KUMAR,69,2021-12-06 18:03:00,CREDIT,63.0,2,54: MASALA EVEREST CHICKEN 8 GM (Rs. 5),KG,5.0,1.0,5.0
735,SUJIT KUMAR,69,2021-12-06 18:03:00,CREDIT,63.0,3,100: VIM SOAP (Rs. 10),NOS,10.0,1.0,10.0
735,SUJIT KUMAR,69,2021-12-06 18:03:00,CREDIT,63.0,4,119: MITHAI (Rs. 5),NOS,5.0,4.0,20.0
1050,SUJIT KUMAR,69,2021-12-13 22:05:00,CREDIT,188.0,1,99: TUAR DAL (Rs. 105),KG,105.0,1.0,105.0
1050,SUJIT KUMAR,69,2021-12-13 22:05:00,CREDIT,188.0,2,2: AALOO (Rs. 20),KG,20.0,2.0,40.0
1050,SUJIT KUMAR,69,2021-12-13 22:05:00,CREDIT,188.0,3,52: MASALA BADSHAH GARAM 50 GM (Rs. 43),KG,43.0,1.0,43.0
1051,SUJIT KUMAR,69,2021-12-13 22:07:00,CREDIT,38.0,1,93: SOYABEAN (Rs. 10),PACKET,10.0,1.0,10.0
1051,SUJIT KUMAR,69,2021-12-13 22:07:00,CREDIT,38.0,2,33: EGG (Rs. 7),NOS,7.0,4.0,28.0
1083,SUJIT KUMAR,69,2021-12-14 21:37:00,CREDIT,20.0,1,2: AALOO (Rs. 20),KG,20.0,1.0,20.0
1195,SUJIT KUMAR,69,2021-12-16 21:45:00,CREDIT,56.0,1,33: EGG (Rs. 7),NOS,7.0,8.0,56.0
1490,SUJIT KUMAR,69,2021-12-24 21:10:00,CREDIT,5.0,1,101: VIMAL (Rs. 5),NOS,5.0,1.0,5.0
1595,SUJIT KUMAR,69,2021-12-26 20:49:00,CREDIT,20.0,1,92: SOAP WASHING (Rs. 10),NOS,10.0,1.0,10.0
1595,SUJIT KUMAR,69,2021-12-26 20:49:00,CREDIT,20.0,2,101: VIMAL (Rs. 5),NOS,5.0,2.0,10.0
1628,SUJIT KUMAR,69,2021-12-26 21:49:00,CREDIT,48.0,1,powha 500gm,GRAM,20.0,1.0,20.0
1628,SUJIT KUMAR,69,2021-12-26 21:49:00,CREDIT,48.0,2,33: EGG (Rs. 7),NOS,7.0,4.0,28.0
1655,SUJIT KUMAR,69,2021-12-27 21:28:00,CREDIT,10.0,1,99: VIM SOAP (Rs. 10),NOS,10.0,1.0,10.0
1698,SUJIT KUMAR,69,2021-12-28 21:06:00,CREDIT,38.0,1,100: VIMAL (Rs. 5),NOS,5.0,2.0,10.0
1698,SUJIT KUMAR,69,2021-12-28 21:06:00,CREDIT,38.0,2,33: EGG (Rs. 7),NOS,7.0,4.0,28.0
1795,SUJIT KUMAR,69,2021-12-30 21:57:00,CREDIT,28.0,1,33: EGG (Rs. 7),NOS,7.0,4.0,28.0
1837,SUJIT KUMAR,69,2021-12-31 23:40:00,CREDIT,28.0,1,33: EGG (Rs. 7),NOS,7.0,4.0,28.0
1885,SUJIT KUMAR,69,2022-01-01 23:31:00,CREDIT,51.0,1,sewai,PACKET,15.0,2.0,30.0
1885,SUJIT KUMAR,69,2022-01-01 23:31:00,CREDIT,51.0,2,Khir masala,PACKET,10.0,1.0,10.0
1885,SUJIT KUMAR,69,2022-01-01 23:31:00,CREDIT,51.0,3,Chini 250,GRAM,11.0,1.0,11.0
1908,SUJIT KUMAR,69,2022-01-02 18:57:00,CREDIT,50.0,1,Closeup 100gm,PACKET,50.0,1.0,50.0
1922,SUJIT KUMAR,69,2022-01-02 21:16:00,CREDIT,27.0,1,powha 500g,GRAM,20.0,1.0,20.0
1922,SUJIT KUMAR,69,2022-01-02 21:16:00,CREDIT,27.0,2,Soda Tata,NOS,7.0,1.0,7.0
2075,SUJIT KUMAR,69,2022-01-05 21:20:00,CREDIT,50.0,1,Sprait,BOTTLE,20.0,1.0,20.0
2075,SUJIT KUMAR,69,2022-01-05 21:20:00,CREDIT,50.0,2,Centerfress,NOS,2.0,1.0,2.0
2075,SUJIT KUMAR,69,2022-01-05 21:20:00,CREDIT,50.0,3,33: EGG (Rs. 7),NOS,7.0,4.0,28.0
2088,SUJIT KUMAR,69,2022-01-05 21:48:00,CREDIT,56.0,1,33: EGG (Rs. 7),NOS,7.0,8.0,56.0
2131,SUJIT KUMAR,69,2022-01-06 19:52:00,CREDIT,14.0,1,33: EGG (Rs. 7),NOS,7.0,2.0,14.0
2298,SUJIT KUMAR,69,2022-01-09 21:57:00,CREDIT,10.0,1,109: MAWA (Rs. 10),NOS,10.0,1.0,10.0
2765,SUJIT KUMAR,69,2022-01-18 22:03:00,CREDIT,38.0,1,33: EGG (Rs. 7),NOS,7.0,4.0,28.0
2765,SUJIT KUMAR,69,2022-01-18 22:03:00,CREDIT,38.0,2,92: SOYABEAN (Rs. 10),PACKET,10.0,1.0,10.0
2818,SUJIT KUMAR,69,2022-01-19 22:07:00,CREDIT,10.0,1,chini250g,GRAM,10.0,1.0,10.0
2891,SUJIT KUMAR,69,2022-01-21 22:20:00,CREDIT,28.0,1,33: EGG (Rs. 7),NOS,7.0,4.0,28.0
3049,SUJIT KUMAR,69,2022-01-24 23:29:00,CREDIT,10.0,1,99: VIM SOAP (Rs. 10),NOS,10.0,1.0,10.0
3111,SUJIT KUMAR,69,2022-01-25 21:40:00,CREDIT,66.0,1,99: VIM SOAP (Rs. 10),NOS,10.0,1.0,10.0
3111,SUJIT KUMAR,69,2022-01-25 21:40:00,CREDIT,66.0,2,33: EGG (Rs. 7),NOS,7.0,4.0,28.0
3111,SUJIT KUMAR,69,2022-01-25 21:40:00,CREDIT,66.0,3,Past Egg,NOS,7.0,4.0,28.0
3227,SUJIT KUMAR,69,2022-01-28 21:39:00,CREDIT,22.0,1,EggSabun,NOS,22.0,1.0,22.0
3272,SUJIT KUMAR,69,2022-01-29 22:04:00,CREDIT,42.0,1,33: EGG (Rs. 7),NOS,7.0,6.0,42.0
3502,SUJIT KUMAR,69,2022-02-03 21:12:00,CREDIT,28.0,1,33: EGG (Rs. 7),NOS,7.0,4.0,28.0
3552,SUJIT KUMAR,69,2022-02-04 21:46:00,CREDIT,55.0,1,47: LIGHTER (Rs. 55),NOS,55.0,1.0,55.0
3706,SUJIT KUMAR,69,2022-02-08 18:14:00,CREDIT,168.0,1,4: AATTA PLASTIC 5KG (Rs. 140),PACKET,140.0,1.0,140.0
3706,SUJIT KUMAR,69,2022-02-08 18:14:00,CREDIT,168.0,2,33: EGG (Rs. 7),NOS,7.0,4.0,28.0
3745,SUJIT KUMAR,69,2022-02-08 22:02:00,CREDIT,96.0,1,33: EGG (Rs. 7),NOS,7.0,4.0,28.0
3745,SUJIT KUMAR,69,2022-02-08 22:02:00,CREDIT,96.0,2,71: OIL HAPPY SARSO 500 ML (Rs. 68),BOTTLE,68.0,1.0,68.0
3793,SUJIT KUMAR,69,2022-02-09 23:09:00,CREDIT,28.0,1,33: EGG (Rs. 7),NOS,7.0,4.0,28.0
3898,SUJIT KUMAR,69,2022-02-11 21:55:00,CREDIT,20.0,1,2: AALOO (Rs. 20),KG,20.0,1.0,20.0
157,EKLAL,76,2021-11-29 10:37:00,CREDIT,60.0,1,PAST DUE,NOS,60.0,1.0,60.0
158,EKLAL,76,2021-12-01 18:35:00,CREDIT,15.0,1,102: WAFERS (Rs. 5),PACKET,5.0,1.0,5.0
158,EKLAL,76,2021-12-01 18:35:00,CREDIT,15.0,2,119: MITHAI (Rs. 5),NOS,5.0,2.0,10.0
527,EKLAL,76,2021-12-02 08:24:00,CREDIT,10.0,1,119: MITHAI (Rs. 5),NOS,5.0,2.0,10.0
571,EKLAL,76,2021-12-03 10:26:00,CREDIT,15.0,1,119: MITHAI (Rs. 5),NOS,5.0,3.0,15.0
627,EKLAL,76,2021-12-04 10:54:00,CREDIT,15.0,1,9: BISCUITS (Rs. 5),PACKET,5.0,3.0,15.0
681,EKLAL,76,2021-12-05 18:06:00,CREDIT,15.0,1,119: MITHAI (Rs. 5),NOS,5.0,2.0,10.0
681,EKLAL,76,2021-12-05 18:06:00,CREDIT,15.0,2,101: VIMAL (Rs. 5),NOS,5.0,1.0,5.0
731,EKLAL,76,2021-12-06 17:45:00,CREDIT,10.0,1,119: MITHAI (Rs. 5),NOS,5.0,2.0,10.0
774,EKLAL,76,2021-12-07 17:34:00,CREDIT,15.0,1,9: BISCUITS (Rs. 5),PACKET,5.0,1.0,5.0
774,EKLAL,76,2021-12-07 17:34:00,CREDIT,15.0,2,119: MITHAI (Rs. 5),NOS,5.0,2.0,10.0
792,EKLAL,76,2021-12-07 19:04:00,CREDIT,10.0,1,9: BISCUITS (Rs. 5),PACKET,5.0,1.0,5.0
792,EKLAL,76,2021-12-07 19:04:00,CREDIT,10.0,2,119: MITHAI (Rs. 5),NOS,5.0,1.0,5.0
825,EKLAL,76,2021-12-08 20:35:00,CREDIT,20.0,1,9: BISCUITS (Rs. 5),PACKET,5.0,4.0,20.0
871,EKLAL,76,2021-12-09 12:53:00,CREDIT,10.0,1,104: CHIKKI (Rs. 5),NOS,5.0,2.0,10.0
943,EKLAL,76,2021-12-10 23:50:00,CREDIT,10.0,1,119: MITHAI (Rs. 5),NOS,5.0,2.0,10.0
954,EKLAL,76,2021-12-11 20:26:00,CREDIT,30.0,1,119: MITHAI (Rs. 5),NOS,5.0,6.0,30.0
991,EKLAL,76,2021-12-12 13:12:00,CREDIT,10.0,1,104: CHIKKI (Rs. 5),NOS,5.0,2.0,10.0
1069,EKLAL,76,2021-12-14 16:20:00,CREDIT,15.0,1,119: MITHAI (Rs. 5),NOS,5.0,3.0,15.0
1093,EKLAL,76,2021-12-14 21:48:00,CREDIT,10.0,1,119: MITHAI (Rs. 5),NOS,5.0,2.0,10.0
1126,EKLAL,76,2021-12-15 14:33:00,CREDIT,10.0,1,119: MITHAI (Rs. 5),NOS,5.0,2.0,10.0
1178,EKLAL,76,2021-12-16 09:19:00,CREDIT,15.0,1,119: MITHAI (Rs. 5),NOS,5.0,3.0,15.0
1288,EKLAL,76,2021-12-19 21:20:00,CREDIT,32.0,1,Tost,PACKET,12.0,1.0,12.0
1288,EKLAL,76,2021-12-19 21:20:00,CREDIT,32.0,2,119: MITHAI (Rs. 5),NOS,5.0,4.0,20.0
1337,EKLAL,76,2021-12-21 19:06:00,CREDIT,35.0,1,119: MITHAI (Rs. 5),NOS,5.0,7.0,35.0
1393,EKLAL,76,2021-12-22 19:18:00,CREDIT,10.0,1,119: MITHAI (Rs. 5),NOS,5.0,2.0,10.0
1527,EKLAL,76,2021-12-23 23:13:00,CREDIT,15.0,1,119: MITHAI (Rs. 5),NOS,5.0,3.0,15.0
1592,EKLAL,76,2021-12-26 20:33:00,CREDIT,20.0,1,119: MITHAI (Rs. 5),NOS,5.0,4.0,20.0
1633,EKLAL,76,2021-12-24 12:49:00,CREDIT,15.0,1,118: MITHAI (Rs. 5),NOS,5.0,3.0,15.0
1634,EKLAL,76,2021-12-27 12:50:00,CREDIT,10.0,1,118: MITHAI (Rs. 5),NOS,5.0,2.0,10.0
1761,EKLAL,76,2021-12-29 21:18:00,CREDIT,22.0,1,pow,PACKET,12.0,1.0,12.0
1761,EKLAL,76,2021-12-29 21:18:00,CREDIT,22.0,2,103: CHIKKI (Rs. 5),NOS,5.0,2.0,10.0
1822,EKLAL,76,2021-12-31 23:20:00,CREDIT,15.0,1,118: MITHAI (Rs. 5),NOS,5.0,3.0,15.0
1867,EKLAL,76,2022-01-01 18:19:00,CREDIT,20.0,1,118: MITHAI (Rs. 5),NOS,5.0,4.0,20.0
1868,EKLAL,76,2022-01-01 18:20:00,CREDIT,20.0,1,17: CIGGARATE (Rs. 10),NOS,10.0,2.0,20.0
1902,EKLAL,76,2022-01-02 18:42:00,CREDIT,15.0,1,118: MITHAI (Rs. 5),NOS,5.0,3.0,15.0
1964,EKLAL,76,2022-01-03 20:50:00,CREDIT,15.0,1,118: MITHAI (Rs. 5),NOS,5.0,3.0,15.0
2118,EKLAL,76,2022-01-06 19:31:00,CREDIT,12.0,1,Tost,PACKET,12.0,1.0,12.0
2189,EKLAL,76,2022-01-07 20:29:00,CREDIT,10.0,1,118: MITHAI (Rs. 5),NOS,5.0,2.0,10.0
2242,EKLAL,76,2022-01-08 20:53:00,CREDIT,10.0,1,118: MITHAI (Rs. 5),NOS,5.0,2.0,10.0
2417,EKLAL,76,2022-01-11 23:23:00,CREDIT,5.0,1,Boroplus,NOS,5.0,1.0,5.0
2422,EKLAL,76,2022-01-12 21:19:00,CREDIT,21.0,1,17: CIGGARATE (Rs. 10),NOS,10.0,1.0,10.0
2422,EKLAL,76,2022-01-12 21:19:00,CREDIT,21.0,2,103: CHIKKI (Rs. 5),NOS,5.0,2.0,10.0
2422,EKLAL,76,2022-01-12 21:19:00,CREDIT,21.0,3,Machis,NOS,1.0,1.0,1.0
2482,EKLAL,76,2022-01-13 23:11:00,CREDIT,10.0,1,103: CHIKKI (Rs. 5),NOS,5.0,2.0,10.0
2566,EKLAL,76,2022-01-15 17:21:00,CREDIT,10.0,1,103: CHIKKI (Rs. 5),NOS,5.0,2.0,10.0
2611,EKLAL,76,2022-01-16 21:41:00,CREDIT,42.0,1,KhariSing100g,GRAM,15.0,1.0,15.0
2611,EKLAL,76,2022-01-16 21:41:00,CREDIT,42.0,2,33: EGG (Rs. 7),NOS,7.0,1.0,7.0
2611,EKLAL,76,2022-01-16 21:41:00,CREDIT,42.0,3,17: CIGGARATE (Rs. 10),NOS,10.0,2.0,20.0
2652,EKLAL,76,2022-01-17 18:53:00,CREDIT,10.0,1,9: BISCUITS (Rs. 5),PACKET,5.0,2.0,10.0
2790,EKLAL,76,2022-01-19 20:13:00,CREDIT,10.0,1,9: BISCUITS (Rs. 5),PACKET,5.0,2.0,10.0
2852,EKLAL,76,2022-01-21 20:44:00,CREDIT,10.0,1,103: CHIKKI (Rs. 5),NOS,5.0,2.0,10.0
2911,EKLAL,76,2022-01-22 17:25:00,CREDIT,40.0,1,9: BISCUITS (Rs. 5),PACKET,5.0,4.0,20.0
2911,EKLAL,76,2022-01-22 17:25:00,CREDIT,40.0,2,17: CIGGARATE (Rs. 10),NOS,10.0,2.0,20.0
3033,EKLAL,76,2022-01-24 21:26:00,CREDIT,15.0,1,61: NAMKEEN 100GM (Rs. 15),GRAM,15.0,1.0,15.0
3087,EKLAL,76,2022-01-25 21:04:00,CREDIT,10.0,1,9: BISCUITS (Rs. 5),PACKET,5.0,2.0,10.0
3121,EKLAL,76,2022-01-26 20:56:00,CREDIT,10.0,1,9: BISCUITS (Rs. 5),PACKET,5.0,2.0,10.0
3281,EKLAL,76,2022-01-29 23:17:00,CREDIT,10.0,1,118: MITHAI (Rs. 5),NOS,5.0,2.0,10.0
3341,EKLAL,76,2022-01-31 21:35:00,CREDIT,10.0,1,Namkin,GRAM,10.0,1.0,10.0
3388,EKLAL,76,2022-02-01 20:44:00,CREDIT,10.0,1,Bhuja,GRAM,10.0,1.0,10.0
3455,EKLAL,76,2022-02-02 21:20:00,CREDIT,20.0,1,9: BISCUITS (Rs. 5),PACKET,5.0,4.0,20.0
3518,EKLAL,76,2022-02-03 22:00:00,CREDIT,30.0,1,17: CIGGARATE (Rs. 10),NOS,10.0,3.0,30.0
3565,EKLAL,76,2022-02-04 23:31:00,CREDIT,10.0,1,17: CIGGARATE (Rs. 10),NOS,10.0,1.0,10.0
3599,EKLAL,76,2022-02-05 21:41:00,CREDIT,15.0,1,61: NAMKEEN 100GM (Rs. 15),GRAM,15.0,1.0,15.0
3702,EKLAL,76,2022-02-08 18:06:00,CREDIT,15.0,1,61: NAMKEEN 100GM (Rs. 15),GRAM,15.0,1.0,15.0
3710,EKLAL,76,2022-02-08 20:23:00,CREDIT,30.0,1,9: BISCUITS (Rs. 5),PACKET,5.0,2.0,10.0
3710,EKLAL,76,2022-02-08 20:23:00,CREDIT,30.0,2,Namkin,GRAM,20.0,1.0,20.0
3791,EKLAL,76,2022-02-09 23:07:00,CREDIT,20.0,1,101: WAFERS (Rs. 5),PACKET,5.0,2.0,10.0
3791,EKLAL,76,2022-02-09 23:07:00,CREDIT,20.0,2,17: CIGGARATE (Rs. 10),NOS,10.0,1.0,10.0
3932,EKLAL,76,2022-02-12 21:53:00,CREDIT,10.0,1,17: CIGGARATE (Rs. 10),NOS,10.0,1.0,10.0
4166,EKLAL,76,2022-02-15 10:03:00,CREDIT,10.0,1,17: CIGGARATE (Rs. 10),NOS,10.0,1.0,10.0
4167,EKLAL,76,2022-02-18 21:18:00,CREDIT,50.0,1,110: CIGGARATE (Rs. 5),NOS,5.0,10.0,50.0
